pos,name
金堂县赵镇金园街388号,维罗娜
金堂县赵镇月映路436号,怡静湖
都江堰市幸福镇幸福村二、三组兰花村,兰花村安置小区
郫都区郫筒镇城东巷148号晨光·杰座,晨光.杰座
青白江区华金大道二段385号,华金大道二段385号院
龙泉驿区同安街道办事处同安路2号,明星花苑
双流区东升街道航港路1682号,三和·爱汀府
青羊区青华路22号,四川省电力设计院
龙泉驿区大面街道办龙城大道816号,中国水电云立方
龙泉驿区北泉路1188号,果壳里的城
武侯区丽都路6号,置信丽都花园-C区
新都区香樟路9号,香樟林
天府新区万安镇海昌路169号,万科海悦汇城西区
龙泉驿区龙泉街道办事处北泉路188号玺印上院,玺印上院
郫都区红光镇银润南一路66号,橡树湾A区
新都区三河街道天海路64号,天府江南
高新区天府大道中段500号,东方希望天祥广场
金牛区蜀通街98号,锦汇花园
郫都区犀浦镇校园路东段111号,傲城
郫都区郫筒镇蜀信东路18号,龙湖?弗莱明戈
金堂县赵镇十里大道二段860号,金泉秀岭
双流区东升街道三强北路二段88号,锦绣华都
天府新区华阳街道正北下街168号,御景台
龙泉驿区龙泉街道北泉路1188号中铁新城二期,果壳里的城
双流区西航港街道临港路四段9号和贵·久居福,和贵·久居福
武侯区金履三路188号,绿地圣路易名邸一期
龙泉驿区翠柳街166号,万科金色城市1期
金牛区圃园路2号天合苑,天合苑
天府新区梓州大道3139号,万科海悦汇-城东区
高新区锦晖二街288号,仁和春天国际
高新西区顺源环街123号,顺源环街123号院
郫都区犀浦镇兴业南街89号,西区花园晨之曦
金牛区北三环路一段393号,华侨城东岸
新都区石板滩镇东风西街87号,樱花阳光
武侯区棕南正街9号,棕南正街9号院
锦江区佳宏路220号,比华利国际城
成华区府青路二段2号,财富又一城
武侯区龙腾正街1号,中海·龙湾半岛
青羊区清波路75号,金沙?柏林郡
金牛区黄金东二路399号,保利梧桐语
武侯区九茹村41号,金陵公寓
金牛区金琴路28号,林业局宿舍
武侯区武科东二路460号,世豪嘉柏
高新区紫竹中街2号,彩世界
金牛区玉居庵东路1号,金色港湾
天府新区华阳华府大道一段518号,蜀郡
龙泉驿区龙泉街道驿都中路188号东方华美苑二期,东方华美苑二期
金堂县三星镇学府大道555号,希望未来城
金堂县赵镇十里大道一段602号,十里花园
金堂县赵镇金凤路558号,润洲金外滩
金堂县三星镇文达路221号,和裕欧景
郫都区犀浦镇泰山大道成都九寨花园,九寨花园
崇州市街子镇金鱼东街18号,青城神韵栖麓
青羊区龙嘴路236号,金地嘉年华B区
金牛区茶店子路1号,顶峰水岸汇景
双流区九江镇乌江路47号锦绣楠郡,锦绣楠郡
郫都区郫筒镇江西巷97号,星光大道C区
金堂县三中园区沱源大道88号,金阳水景
双流区南山美树,蓝山美树
高新区锦晖西二街77号,誉峰东区
龙泉驿区柏合镇芦溪路33号东山国际新城C区,东山国际新城C区
双流区西航港街道锦华路二段166号,温哥华花园五期
郫都区郫筒镇梨园路一段118号,华侨凤凰国际城
成华区香木林路1号,香木林花园
武侯区锦绣街7号,锦苑
锦江区东大街上东大街段2号,都市驿站
高新区世纪城路418号,龙湖·世纪峰景
青羊区福庆路83号,幸福里
双流区西航港街道长城路一段330号,润扬川大河畔
金堂县赵镇观岭大道1188号,香缇湾A区
龙泉驿区燃灯寺南路398号东域龙湾,东域龙湾
高新区中和大道三段117号,华宜·铂仕公馆
锦江区喜树街780号,锦江城市花园
武侯区太平园中五路33号,中粮·祥云国际生活区1期
锦江区莲花新区北三巷6号,莲心苑
双流区东升街道航都大街二段756号,北大资源燕楠国际
双流区西航港街道临港路3段8号翰林上岛,翰林上岛
温江区同兴东路88号,佳兆业·丽晶港
青羊区金阳路390号,印象金沙
郫都区郫筒镇安民街36号,时代花城1期
武侯区洗面桥东一街2号,天竺园
武侯区机投镇中央花园二期,中央花园二期
金堂县赵镇迎宾大道188号,金阳丽景
金堂县赵镇康宁街299号,教师公寓
锦江区莲花中路1号,莲花新一区
高新西区蓝岸街555号,林庭叠院
成华区双荆路6号,招商·雍华府1期
成华区金马河路8号,新里柏仕公馆
龙泉驿区大面街道办事处金桉路1号,百悦城二期
武侯区金履四路58号,玲珑郡
温江区柳城柳林路158号,金色鱼凫
武侯区桐梓林北路6号,中华园锦苑
金堂县赵镇滨江路一段29号,生态水城上岛
金堂县赵镇迎宾大道一段99号,金海岸
金堂县赵镇观岭大道555号附1号,依云岭
金堂县赵镇迎宾大道一段99号,金海岸?天府花园水城
郫都区红光镇广场路北一段387号怡华居,怡华居
郫都区凉水井东路98号,置信逸都D区
新都区新都镇兴乐南路1号,水沐天城
双流区协和街道警校路二段659号,宏达世纪丽景
锦江区国香街666号,卓锦城六期
青白江区青华东路55号,蜀青名苑
高新区天府二街966号,华润凤凰城二期
新都区新都镇马超西路9号,新都花园
天府新区剑南大道南段333号,美城悦荣府
双流区西航港街道临港路四段9号,和贵·久居福
武侯区紫藤路8号,新空间花园
崇州市崇阳镇永康东路47号,愿景东篱
金牛区蜀蓉路5号,桂香庭园
龙泉驿区同安街道办事处阳光大道103号,利通天鹅堡
天府新区华阳街道海昌路133号,新鸿基悦城
新都区新都镇桂湖西路126号,桂湖河畔
郫都区郫筒镇东大街539号,时代花城三期
武侯区晋吉南路22号,交大花园武侯小区
锦江区佳宏北路36号,比华利国际城
武侯区太平园中六路199号,置信丽都花园城A区
天府新区华阳街道麓山大道一段609号,恒大名都
龙泉驿区天鹅西湖南路33号,世茂城二期
武侯区红牌楼长益西三路259号,交大·归谷国际社区
龙泉驿区金槐街158号,天府逸家二期
青羊区光华东四路78号,东原时光道
青羊区锦里西路119号,现代城
锦江区海椒市东街43号,东方桂苑
龙泉驿区大面街道办事处龙城大道1号,龙城一号
温江区柳城镇柳台大道东段46号金城·香洲,金域香洲
郫都区红光镇幸福路北一段169号,时代水岸康城
龙泉驿区大面镇天鹅西湖南路456号,世茂城四期
彭州市致和镇滨湖路39号,置信丽岛
青白江区华逸路118号,华侨城天鹅堡
崇州市崇阳镇崇庆中路217号,锦绣中华
青白江区新河路177号,幸福家园碧云天
新都区大丰街道互惠大道158号,华北.北新国际
龙泉驿区同安街道办事处同德街,金山花园
青白江区石家碾东路280号,怡景阳光
双流区协和街道华府大道三段1099号,保利叶语
武侯区沙堰西二街20号,中央花园二期
武侯区高升桥东路7号,兴蓉佳苑
龙泉驿区龙泉镇永双街21号雅云轩,陶然村·雅云轩
新都区大丰街道永和路48号附1号,华丰园
青羊区白家塘街1号,金顺苑
温江区柳城街办南熏大道959号,柳城印象
高新区一环路南三段28号,中国核动力院宿舍区
成华区东荆路988号,华宇·阳光尚座
成华区锦绣大道4599号,荣盛香榭兰庭
天府新区华阳街道海昌路68号,宏达·世纪锦城
温江区长安路244号,西蜀尚都
锦江区国香街593号,卓锦城五期
郫都区郫筒镇城东巷209号,福博苑
龙泉驿区龙泉街道北泉路909号首创.北泉路1号项目,首创东公元
成华区华油路175号新7号,现代北苑
成华区建材路66号,优品尚东
成华区长融二路60号,东方·惠城
高新区盛安街77号,汇锦城
金牛区黄忠小区黄苑东街2号,西祥公寓
双流区西航港街道机场路常乐二段111号,佰客郡
成华区新风路208号,怡福社区
青羊区家园南街1号,成都花园上城
青羊区光华南三路88号,万科金色领域
锦江区大业路6号,财富中心
郫都区犀浦镇国宁东路1188号,中铁﹒塔米亚
双流区西航港街道大件路白家段19号,成都新天地
龙泉驿区龙泉镇航天北路甲区,航天甲区
武侯区龙腾中路10号,龙腾苑
双流区东升街道银河路一段160号,北京城建龙樾湾
成华区天鹅一路33号,胜天人居
龙泉驿区同安街道办阳光大道15号林溪美城,林溪美城
金堂县赵镇三江路133号,金博苑
成华区五桂桥北路26号,沙河湾
高新区荣华南路366号,保利心语·香雪
金牛区九里堤北路3号,亲水美居
天府新区万安镇麓山大道二段16号附5号麓山国际社区,麓山国际社区
高新区神仙树北路11号,成都普天小区
双流区东升街道航港路2217号,优品时代
双流区东升街道广都大道59号,领寓
龙泉驿区驿都西路3666号,炜岸城
金牛区同和路99号,惠民苑
成华区万科路4号,万科魅力之城四期
高新区梓州大道5500号,中德·英伦联邦B区
新都区大丰街道寸龙桥路186号,保利城三期
龙泉驿区龙泉公园路一段258号,东麓驿境
高新区中和熊家桥路140号,府河小区
新都区三河街道翡翠南路133号,保利·拉斐公馆
龙泉驿区十陵街道办事处江华路128号,江华社区
天府新区华阳街道剑南大道南段669号,欧香小镇
双流区西航港街道机场路近都段6号,欧洲印象
郫都区犀浦镇银河东街99号,金枫名苑
温江区涌泉鹏程路801号,彩叠园1B期
武侯区顺和横街29号,中华名园三期
锦江区天仙桥北路3号附1号,流星花园
成华区建业路89号,龙湖三千里
新都区新都镇蜀龙大道中段333号,香域中央
新都区大丰街道赵家寺路386号,保利春天花语
成华区华润二十四城四期,华润·紫云府
青羊区鼓楼北二街81号,鼓楼北二街81号院
温江区万春镇春江南路1688号,紫檀山
武侯区人民南路三段17号附1号,华西美庐
温江区天府街办学海路88号,中铁丽景书香
金牛区黄金东二路66号,百仁安盛
高新西区尚锦路166号,上锦颐园一期
武侯区金花镇金凤街129号,和鸿·天府金花
龙泉驿区同安街道办事处同安路2号明星花苑,明星花苑
成华区成宏路9号,鹤林小区
高新区桂溪路318号,东苑-D区
高新区兴蓉南二巷1号,兴蓉南二巷1号院
高新区老成仁路555号,领馆国际城
高新区独柏街90号,独柏苑
青白江区凤凰大道二段699号,公园世家
成华区槐树店路40号宏苑,宏苑
郫都区犀浦镇金粮路566号新里·派克公馆,新里?派克公馆
高新区龙灯区山路一段281号鸿阁一号,晋元·鸿阁一号
新都区马超西路299号,金荷大厦
双流区西航港街道大件路白家段1221号,警馨苑
双流区西航港街道大件路白家段69号,警馨苑
金堂县赵镇金沙南街39号,水韵金沙
高新区新乐北街3号,新北社区
武侯区长寿路3号,长寿苑
新都区大丰街道三元大道314号,天府石油乐园
新都区大丰街道华美东街132号,悉尼湾库吉岛
成华区荆竹西路348号,荆竹小区六号院
双流区西航港街道临港路三段58号,空港晶座
锦江区水杉街166号,蓝谷地天域
双流区公兴街道牧华路三段259号,通瑞月光湖
武侯区金履三路189号,绿地圣路易名邸二期
双流区西航港街道福通路99号,蓝润棠湖春天
双流区西航港街道长江路三段6号学府嘉苑,学府嘉苑
龙泉驿区龙泉燎原南路25号,航天乙区
高新区紫竹北街65号,紫竹北街65号院
金牛区育德路88号,阳曦芙蓉城
金牛区蜀汉路388号,华夏之家
武侯区人民南路四段21号,盘谷花园
高新区兴蓉北街1号,君和源
金牛区韦家碾一路2号,绿地世纪城2期
成华区火神庙路65号,龙湖丽景
天府新区梓州大道3139号,万科·海悦汇城东区
高新西区顺源南一巷38号,顺源南一巷38号院
成华区站北北街42号,河滨丽苑
成华区万锦路200号,万科·魅力之城四期
温江区天府街办学府路北段51号,博海锦城
郫都区三道堰镇永宁东路94号,柏林河畔
龙泉驿区龙泉镇酱园南街2号,雅居
金牛区新泉路33号,兴元绿洲
龙泉驿区大面青台山路99号,首创万卷山
温江区南江路666号,和信·孔雀城
高新区荣华北路69号,清凤时代城
双流区东升街道迎春路四段90号,学府花苑
双流区东升街道涧槽中街333号,香楠湖
天府新区华阳街道华府大道一段518号,蜀郡
龙泉驿区大面青台山路333号合能四季映像,合能四季映像
双流区东升街道航港路1313号,佳兆业威登郡
武侯区武青北路76号,上道西城A区
天府新区华阳街道南湖西路175号,南湖国际社区
双流区东升镇三强北路一段242号,双兴家园
郫都区红光镇犀团路441号,启明花园
天府新区华阳南湖大道333号,远大中央公园
高新区肖家河街54号,怡康苑
双流区西航港街道机场路常乐二段133号,温哥华南苑
青羊区金凤路19号,花样年·美岸
天府新区华阳街道锦江路四段188号,华银美景
武侯区太平园东五街31号,金楠国际
高新区尚锦路268号,上锦颐园佳境
双流区西航港街道长江路二段5号翰林南城,翰林南城
新都区大丰镇蓉北路二段227号,博雅丽景
武侯区少陵路245号,菊园
武侯区武晋路1488号,龙湖金楠天街楠香庭
新都区大丰街道南丰大道127号,东风园
武侯区武侯祠横街18号,武侯名园
高新区紫荆北路58号,紫瑞苑
新都区三河街道海棠路119号,保利?公园198海棠花语
高新区兴蓉南三巷1号,盛祥苑
高新区尚锦路166号,上锦颐园
高新区大源北二街36号,双桂社区36号院
金牛区星辉西路11号,万福花园
青羊区石人南路85号,石人南路85号院
青羊区东坡北三路99号,碧华邻
武侯区兆景路520号,首信首御
双流区东升街道航港路121号,佳兆业威登郡
龙泉驿区龙泉街道驿都中路900号御源大湖区,御源大湖区
金堂县三中园区泰吉街农行宿舍,农行宿舍
金堂县赵镇金凤路555号,恒大御景半岛
金牛区西华大道9号,华侨城纯水岸二期
金堂县三星镇棕榈湖路104号,棕榈湖国际社区
高新区德赛二街166号,华润凤凰一期
锦江区和平街19号,萧邦
高新区中和会龙路365号,中德﹒英伦联邦A区
郫都区郫筒镇鹃兴路81号西都会,西都会
龙泉驿区龙泉街道办事处龙都北路666号,山水四季城
高新区天顺路222号,天府长城图南多
新都区新都镇金都街206号,新神风八座
青白江区文汇路28号,康居.翰林院
温江区中铁丽景书香,中铁丽景书香
青白江区红阳华逸路118号,宏恩康城
武侯区燃灯寺路3号,燃灯寺路3号小区
锦江区华润路158号,翡翠城4期
武侯区武侯大道97-121号,一椽坊
郫都区郫筒镇中信大道四段968号,中冶·田园世界
温江区柳城来凤路341号,雅逸居
温江区地铁首座,地铁首座
金牛区九里堤中路303号,天府名苑
武侯区鹭岛路36号,鹭岛国际社区-四期
温江区涌泉江浦路2666号,世豪金河谷五期
高新区永丰路24号附1号,国际花园
高新区中和龙灯山路一段381号,晋元·鸿阁一号
高新区中和镇学苑路206号,润兰花园
郫都区红光镇银润南一路55号,橡树湾B区
武侯区聚萃街377号,置信丽都花园城D区
青羊区培华路399号,易城国际
武侯区双凤四路558号,楠郡
新津县邓双镇岷江大道三段888号,水都新城
高新区成汉南路366号,中海城南华府
龙泉驿区同安街道希望路68号宏得紫竹苑,宏得紫竹苑
武侯区洗面桥街33号,艺墅·花乡
金牛区为民路83号,为民新村
金牛区金仙桥路8号,曦城
青白江区华逸路111号,嘉和瑞景
金堂县赵镇迎宾大道一段99号,天府花园水城
金堂县赵镇迎宾大道213号,水城印象
龙泉驿区龙泉街道长柏路585号格兰鼎城,格兰鼎城
大邑县晋原镇仁和街99号,力扬时代
新都区新都街道蜀龙大道中段1040号,万千城
新都区新都镇新园路66号,新都花园二区
天府新区华阳街道华府大道一段898号,慕和南道
武侯区武侯大道双楠段112号,武侯庭园
金堂县赵镇滨江路一段630号,中铁十九局集团三公司金堂基地
金堂县赵镇金泉路282号,绿洲国际
金堂县赵镇滨江路一段29号,现代生态水城
龙泉驿区龙泉镇永溪街129号,酱园小区
金牛区金鱼街18号,鑫城府
金堂县赵镇十里大道一段416号,川西家园B区
青白江区大同镇凤凰东二路36号,凤凰湖国际社区
金牛区五福桥东路229号,龙湖北城天街二期
新都区新都镇外南街267号附8号,南河湾
锦江区桂馨路38号,锦馨家园
郫都区郫筒镇北大街,小蜀都苑
双流区东升街道金河路4199号,海棠湾
成华区建设路160号,中房·红枫岭三期
龙泉驿区西河镇龙跃商业街78号,银诚东方国际
新都区三河银杏路99号,保利.公园198-B1区
金堂县赵镇新龙路88号,梧桐大院
金牛区王贾路19号,金房水韵天府
青羊区金福路428号,龙湖翠微清波B区
金堂县赵镇十里大道一段277号,现代花园
金堂县赵镇观潮路66号,观澜国际
郫都区郫筒镇文信路89号,海骏达·蜀都1号南区
双流区航空港长江路三段前锋空港国际,前锋空港国际
成华区槐柳一路88号,优品尚东三期
郫都区郫筒镇望丛西路261号桃园柳岸,桃园柳岸
金牛区金房苑东路1号,和睦人家二期
双流区协和街道警校路二段659号宏达世纪丽景,宏达世纪丽景
新都区大丰街道大天路999号,尚林花园
金牛区金沙路169号,现代城
龙泉驿区柏合街道办事处龙工南路888号,劲力·蔚蓝花城A区
金堂县赵镇观岭大道2号,今日润岭
龙泉驿区龙泉街道办事处龙都南路3号,海川国际社区
龙泉驿区同安街道办事处幸福路6号,金山蜜地
龙泉驿区同安镇忠诚路三段1号,国一澳乡
龙泉驿区十陵镇204厂,华川小区
武侯区晋吉南路287号,交大花园广厦小区
郫都区郫筒镇一里阳光街396号壹里上城,壹里上城
青羊区宁夏街209号,锦程丽都
武侯区聚贤街733号,保利花园二期
天府新区华阳街道华府大道一段499号,黄金海岸
成华区二环路北四段4号,416医院家属小区
高新西区合作路89号,龙湖时代天街
金堂县赵镇金川路19号,金堂金融中心
武侯区成科路10号,省科委系统职工住宅
郫都区红光广场路15号尚景岁月,尚景岁月
金牛区人民北路一段2号,天合凯旋港
新都区新都镇清源路555号,锦绣香城
新都区三河街道天河大道1156号,天府江南
龙泉驿区龙泉街道龙都北路666号山水四季,山水四季城
高新西区天朗路9号,芙华金色海伦
天府新区华阳街道富民路一段2号,金城花园河滨别墅
新都区新都镇万和北路1号,邑品天都
青羊区二环路西一段116号,浣花小区
成华区华彩路4号,秀林尚苑
龙泉驿区大面青台山路99号,首创·万卷山
青羊区培华路312号,阳城心灵家园
金堂县赵镇金山路116号,金山郡
龙泉驿区大面青台山路333号合能四季映像二期,合能四季映像二期
天府新区华阳街道骑龙路三利宅院白云渡,三利宅院·白云渡
青羊区清江东路360号,峨影生活区
新都区新都镇万和北路8号,北城1号
天府新区华阳街道剑南大道南段333号,美城悦荣府
金牛区金鱼街3号,金牛教室宿舍
锦江区喜树街668号,锦江城市花园二期
武侯区双楠小区龙门巷6号,园丁园
龙泉驿区大面街道东洪路399号尚成东锦,尚成东锦
新都区新都镇毗河东路99号,润扬双河鹭岛
龙泉驿区洛带镇柴市巷14号康馨苑二期,康馨苑二期
双流区西航港开发区近都段46号,月都家园
金牛区平福路149号,晓初公寓
郫都区郫筒镇鹃兴路85号,西汇鹃声里
青白江区红阳路164号,红阳二小区
锦江区汇泉东路88号,天誉·南庭
双流区西航港白家镇上福佳苑,上福佳苑
金牛区金沙路西巷31号,光荣市场公寓
高新区紫荆西路6号,神仙树大院
龙泉驿区龙泉驿区大面青台山路99号,首创万卷山
锦江区喜树街666号,锦江城市花园二期
双流区胜利镇长兴路168号半山卫城,半山卫城
青羊区清溪南街15号,清溪茗苑
武侯区望江路1号,中海·格林威治城
新都区新都镇马超东路518号,汉嘉国际社区
金牛区金科苑路93号,金科苑六区
新都区新繁镇正南街43号,繁江锦城
武侯区顺和街2号,兴元丽园B区
青羊区中坝街29号,锦绣光华
成华区成康路1号,香木林花园里
金牛区北站东二路21号,聚源公寓
青白江区华金大道三段45号,德通心愿城
郫都区红光镇港通北二路666号,西郡英华三期
青白江区大弯凤凰大道三段8号,誉府仕家
成华区建设南路163号,万科金色乐府
双流区东升街道棠湖南路三段54号,瑞升林韵
双流区九江街道文楠路172号,贵通御苑·双楠城
郫都区红光镇广场路北一段50号,万基·金蓝湾
锦江区大田坎街162号,蜀都花园
天府新区华阳街道天府大道南段1290号,金南园
龙泉驿区十陵镇宁江机械厂宅区,宁江社区
天府新区梓州大道3139号万科海悦汇城东区,万科·海悦汇城东区
锦江区锦华路一段8号,万达·锦华城
郫都区红光镇晚晴巷56号,荷塘月色
成华区华康路8号,金科天籁城
龙泉驿区星光东路99号霏红榭,霏红榭
郫都区德源镇西源大道4599号,西域鸥鹭湾
金牛区华丰路66号,华侨城天鹅堡
龙泉驿区十陵金桂路600号,万科金色城品
双流区西航港街道临港路三段8号翰林上岛,翰林上岛
双流区东升街道电视塔路一段47号,棠湖公寓
天府新区华阳街道海昌路68号,宏达世纪锦城
双流区西航港街道锦华路三段15号,空港星品地
青白江区青江中路288号,大邦第1城
龙泉驿区同安镇阳光大道15号林溪美城,林溪美城
天府新区华阳街道龙灯山路一段281号鸿阁一号,晋元·鸿阁一号
高新区中和大道一段86号,汇城港湾
郫都区红光镇红佳东路8号正成·名城左岸,正成.名城左岸-北区
成华区双成五路66号,观城
龙泉驿区大面青台山路99号首创川师大项目,首创万卷山
成华区华冠路4号,秀林苑西区
双流区东升街道广都大道国栋·南园五星城,国栋·南园五星城
龙泉驿区驿都西路3666号,炜岸城二期
龙泉驿区龙泉镇长柏路98号,星光小区
青羊区双清中路100号,锦桂苑
双流区西航港街道黄荆路3号,和贵馨城
新都区新繁镇锦溪路83号,世玺
新都区大丰街道蓉北路二段227号,博雅丽景
新都区新繁镇繁川家具大道957号,海高伦?美林国际社区
金堂县赵镇迎宾大道一段213号,水城印象
天府新区华阳街道麓山大道一段630号,洛森堡?映山
高新区盛西街88号,南城都汇5期
锦江区一环路东五段46号,天紫界商业大厦
新都区大丰滨河路一巷135号,博雅新城D区
双流区西航港街道长江路三段30号,前锋空港国际
金牛区两河西三路55号,龙湖源著
金堂县三星镇棕榈湖路118号,泰祺棕榈湖
双流区西航港街道大件路白家段19号翠筑天地,成都新天地
新都区三河街道驿站环路180号,保利紫荆花语
郫都区犀浦镇金粮路599号西江月,西江月
龙泉驿区平安镇文景街137号东隆苑,东隆苑
双流区华阳镇华阳大道四段,新庆园
新都区新繁镇列维士路369号,新都锦绣香江一期
郫都区郫筒镇檬柏西路131号,万达华府
温江区天府街办海科路东段688号,西财学府幜城
青羊区清江东路8号,中国烟草大厦
新都区新都街道金福路15号,海伦国际二期
新都区大丰镇南丰花园,南丰花园
双流区东升街道龙桥路6号,宗申·赛纳维
新都区清源路300号,芙蓉名城
龙泉驿区大面金枫路66号,华润国际社区
成华区和韵路109号,蓝光锦绣城五期
成华区成宏路1号,东方丽苑
都江堰市灌口镇外北街“古堰春晓”423号,古堰春晓
新都区三河街道龙秀路89号,万科五龙山
金牛区光荣小区北路5号,光荣北路5号
金牛区蓉北商贸大道二段168号,合力达映日荷花
双流区东升街道白衣上街二段266号,川网国际花园
青羊区清溪南街19号,清溪佳苑
双流区西航港街道机场路近都段8号,空港16区
郫都区红光镇红高路88号,龙城国际
龙泉驿区燃灯寺南路106号东山河畔,东山河畔
金堂县赵镇新龙路金府苑,金府苑
金堂县三星镇棕榈湖路118号,泰祺.棕榈湖
金堂县三星镇学府大道279号,星岛国际
金堂县赵镇康宁街288号,警官公寓
双流区西航港街道机场路近都段46号,月都家园
金堂县淮口镇书院街168号,如意港
高新区肖家河小区,瑞祥苑
金牛区五福桥东路9号,龙湖北城天街一期
成华区东华二路19号,华林小区-B区
金堂县赵镇金园街263号,金晖花园
金牛区蜀汉路520号,千和馨城
新都区三河街道丁香路259号,保利公园198丁香郡
高新区紫荆小区紫竹南一街23号,南鑫园
青白江区同金街400号,丽雅美锦
青白江区华金大道三段118号,七里溪香
郫都区郫筒镇望丛东路392号,蜀都新天地
都江堰市幸福镇迎宾大道都市.美丽风景,都市美丽风景
武侯区金雁路404号,皇家花园
新都区新都镇蓉都大道南一段333号,香城名都
青羊区光华西三路30号,俊发时光俊园
锦江区锦绣大道3688号,华润·凯旋天地
新都区大丰街道詹家湾路2号,北新?润苑
青羊区培中路73号,航天佳苑
双流区协和街道剑南大道南段1188号,嘉美地
武侯区广福桥正街28号,隐庐巷上生活馆
金堂县赵镇成金大道33号,韩滩河湾小区
郫都区郫筒镇凉水井东路98号,置信逸都D区
天府新区华阳街道滨河路二段201号枫渡莱茵,枫渡莱茵
成华区万科北街18号,首创国际城
郫都区安靖镇方碑村二社·十社府河御景,府河御景
新都区三河街道翡翠南路133号,保利拉斐庄园一期
双流区协和街道警校路二段659号宏达丽景,宏达世纪丽景
成华区双荆路8号,沙河北岸
龙泉驿区龙泉龙都北路669号,玉龙山庄
锦江区国槐街698号,海桐·一期
成华区龙潭寺龙港二路28号,时代欣城
金牛区抚琴西路89号,康品
武侯区西三环一段150号,顺江锦苑
新都区三河街道曲景西路99号,佳乐国际城
天府新区万安镇东林村4组,青南美湾
双流区西航港街道成白路99号阳光地中海一期,阳光地中海
新都区三河街道龙山路108号,万科五龙山
青白江区凤凰西七路31号,天府欧城
青白江区红阳东路22号,城市花园
武侯区高攀路26号,7322工厂宿舍
锦江区橡树林路166号,瑞升·望江橡树林南院
郫都区犀浦镇天目路196号,书香府邸
双流区协和街道华府大道三段300号,棠湖泊林城
双流区西航港街道机场路近都段48号,欧洲印象
金堂县赵镇金园街139号,金鹤苑
金堂县赵镇迎宾大道一段99号,金海岸.天府花园数次
郫都区安靖镇金河路188号府河金庐,府河金庐
彭州市天彭镇北新巷69号,信达.御景A区
金堂县赵镇十里大道二段438号,现代名城
温江区凤溪大道南段555号,恒大城
龙泉驿区北泉路909号,首创·东公元
龙泉驿区大面银河路118号恒大绿洲二期,恒大绿洲二期
成华区成华大道杉板桥路199号,保利康桥
青羊区琼楼路99号,中铁·西子香荷
温江区金马镇兴园路3398号,月映长滩栖湖
郫都区犀浦镇犀浦路犀池苑小区,犀池苑小区
金堂县赵镇草市巷58号,草市巷58号
金牛区黄金东一路26号,金泉阳光畅新苑
天府新区麓湖中路中段318号,麓湖生态城沉香谷
龙泉驿区龙泉街道办事处鲸龙路525号,京龙嘉苑
郫都区郫筒镇梨园路一段528号,中铁·奥维尔
青白江区华金大道二段180号,怡湖春天
金堂县赵镇金园街469号,万和阳光城
青羊区苏坡乡光华村一，二组,宏通苑
武侯区沙堰街238号,翠堤春晓
天府新区华阳伏龙路二段117号,华阳滨河花园
龙泉驿区大面龙城大道468号,保利玫瑰花语
成华区锦绣大道4599号,荣盛.香榭兰庭
高新区天府二街1033号,建发鹭洲国际
天府新区华阳街道元景路99号,家益欣城
金堂县赵镇十里大道一段339号,汇丰源
金堂县三中园区顺安街64号金桔花苑,金桔花园
金牛区成华西街2号,万福苑
新都区新繁镇繁川家具大道957号,海高伦·美林国际社区
金堂县赵镇滨江路一段29号,上岛一期
新津县花源镇花源大道45号,金秋乐园
龙泉驿区十陵街道和平路336号32号,华川小区
金堂县赵镇观领大道1188号,观岭花湖
金堂县赵镇迎宾大道一段188号,金阳丽景
金堂县赵镇汇龙路129号,水城之星
双流区西航港街道长城路二段333号,尚港领地
成华区建设路9号,高地
龙泉驿区同安街办圣景路83号,和谐小区
新都区新繁镇滨江东路285号,锦绣水岸
金堂县三中园区十里大道二段122号现代雅阁园,现代雅阁园
青羊区成飞大道南段199号,凯德风尚
金牛区韦家碾一路2号,绿地·世纪城
成华区双桂路27号,钢管厂3区
高新区芳草西二街30号,名人苑
武侯区董家湾北街3号,优客联邦二期
高新区中和大道二段99号,卡斯摩广场
龙泉驿区同安街道阳光大道103号利通天鹅堡,利通天鹅堡
双流区西航港街道机场路近都段393号,化工院
高新西区天润路777号,中房学府海棠
天府新区华阳滨河路二段368号,戛纳湾畔
金堂县赵镇康宁街398号,星月湾
双流区西航港开发区黄荆路3号,和贵馨城
新都区大丰街道晓初滨河路一巷60号,博雅新城C区
龙泉驿区龙泉航天北路丙生活区,航天城丙区
龙泉驿区十陵街道办事处江华路290号,东景康庭
新都区三河街道江陵路335号,爵领欧城
龙泉驿区佳美路289号格调城,格调城
天府新区华阳街道华新下街74号,向阳小区
新都区新繁镇东湖路102号,森林锦舍
锦江区锦绣大道3555号,锦江国际花园
龙泉驿区龙泉街道北泉路188号玺印上院,玺印上院
青羊区石人南路100号,石人南路100号院
高新区神仙树南路8号,中海名城
锦江区芙蓉西路707号,绿地468公馆三期
锦江区静秀路55号,万科金润华府
锦江区汇泉南路333号,吉宝·凌云峰阁
郫都区友爱镇子云东路98号今日田园,今日田园
龙泉驿区大面街道驿都西路3777号中铁逸都,中国铁建国际城
成华区荆竹南街266号,兴元华盛
金堂县赵镇朝阳街121号,嘉苑小区
锦江区东怡街16号,东怡园
青羊区通惠门3号,锦都三期
新都区新都镇物流大道666号,传化国际新城
青羊区草堂北支路50号,光华苑二期
青白江区安居路88号,安居西苑
金堂县赵镇金鹏路69号,金阳美景
金牛区西安中路62号,经典2000
龙泉驿区金槐路158号,天府逸家二期
双流区协和街道剑南大道南段2688号,中信城右岸
龙泉驿区柏合街办蔚蓝路88号,劲力·蔚蓝花城
金堂县赵镇金泉路186号,现代生态水城上岛2期
金堂县赵镇金园街159号,伊顿小镇
武侯区丽都路6号小区C区,置信丽都花园-C区
金堂县赵镇观岭大道2号,今日润玲
金堂县赵镇鸣凤路27号,世宏锦舍
龙泉驿区龙泉街道办事处建材路273号,丽秀苑
武侯区武科东二路1号,天际首府
金牛区西城天下,金牛区西城天下
金堂县赵镇金凤路558号,润州金外滩
青羊区通惠门路69号,长富新城
天府新区华阳街道麓山大道一段630号,洛森堡·映山
高新西区尚雅路8号,万景峰一期
武侯区金花街1号,江安河畔
金堂县赵镇金茂街13号,人和嘉苑
天府新区华阳街道华府大道一段996号,金茂光明城市一期
双流区西航港街道临港路一段25号,空港东方
武侯区晋吉西一街66号,龙湖金楠天街蓉香庭
武侯区二环路西一段5号,红南港
高新区大源北二街48号,双桂社区48号院
双流区东升街道白衣上街21号,景茂·名都
金牛区育秀路30号,福祥家园瑞祥苑
金堂县赵镇万方街333号,水城翠岚小区
金牛区营康路427号,一品天下D区
新都区石板滩镇东风西街219号,东韵嘉园
郫都区中信大道四段836号,上河苑
新都区新都镇新园路181号,金冠华庭
青白江区大同镇华金大道三段156号,华洲名城
金堂县赵镇滨江路一段475号,瑞居绿岛
武侯区红运街3号,吉苑
天府新区华阳剑南大道南段333号,美城·悦荣府
双流区西航港街道锦华路三段102号,温哥华花园六期
武侯区聚荟街388号,华宇静苑二期
高新区天和路9号,润和原筑
双流区西航港街道希望路115号美好花园二期,美好花园二期
龙泉驿区龙泉镇北干道,北干道派出所家属院
金堂县赵镇韩滩路26号,韩滩新城
龙泉驿区驿都中路928号,合能四季康城
武侯区双安南巷1号,圣沅·汇景樱桃季
金牛区一环路北四段118号,马鞍北路社区
武侯区武青南路10号,华都星公馆-一期
龙泉驿区龙泉街道办事处永兴街129号,长柏五小区
金堂县赵镇迎宾大道一段99号,金海岸.天府花园水城
高新西区尚雅路8号,万景峰-东区
双流区九江街道乌江路352号,蛟龙银座
新都区新繁镇滨江西路113号,丽景东湖
成华区新鸿路86号,新鸿社区
郫都区犀浦镇华都大道76号,西郡兰庭二期
青羊区光华北六路216号,光华锦苑
金堂县镇金凤路558号,润洲金外滩
成华区崔家店路418号,U+尚舍
新都区新繁镇繁川大道957号,海高伦·美林国际社区
郫都区郫筒镇岷阳东巷69号,西汇佳苑
锦江区汇源北路99号,天誉
金堂县赵镇迎宾大道一段88号,金阳水景
金堂县三中园区万方街现代花园小区,现代花园
金堂县赵镇康怡街12号,泰康欣苑
金堂县三中园区三横道金穗花园,金穗花园
郫都区犀浦镇校园路820号,樟菊园
锦江区龙舟东巷30号,东方逸景
金堂县赵镇南滨路265号,码头小区
金堂县赵镇顺安街64号,金桔花园
金堂县赵镇三江路174号,泰康茗苑
郫都区郫筒镇梨园路一段118号华侨凤凰国际城,华侨凤凰·国际城
武侯区晋阳路422号,中央花园三期
龙泉驿区同安圣景路208号,优诗美地
金牛区朗润路239号,泉水人家三期
邛崃市临邛镇西街203-265号,都市豪庭
锦江区宏济新路298号,世纪朝阳
武侯区一环路西一段88号,香月楠岸
武侯区聚龙路1147号,保利花园-一期
龙泉驿区大面街办龙城大道9号师大现代花园,师大现代花园
成华区建设路2号附18号,首创·爱这城
成华区怡福路51号,佳馨苑
温江区柳城鱼凫路339号,静水香榭
锦江区东怡街79号,新莲新苑
高新区桂溪乡天仁北二街4号,南铁新居
郫都区郫筒镇蜀信东路19号,龙湖弗莱明戈二期
新都区新都镇蓉都大道84号,御花园
高新区兴蓉西巷1号,兴蓉西巷1号
龙泉驿区龙泉长柏路525号,燎原小区
龙泉驿区永兴街185号,御岭春天
成华区布坝子街9号,锦江区人民政府机关宿舍
金堂县三中园区金航街,中医院住宿楼
温江区万春路398号,明信青庭
新都区泰兴镇安全路38号,外城泰兴里
武侯区万寿路26号,花木林
温江区涌泉街办光华大道三段1969号塞纳河畔,塞纳河畔
成华区建设路41号,西苑
青羊区金沙遗址路68号,公园·西
金堂县赵镇古城街270号,在水一方
郫都区新民场镇南街368号蜀源春天,蜀原春天
郫都区郫筒镇梨园路一段708号,中冶·中央公园
武侯区玉林南路3号,玉林嘉苑
新都区木兰镇聚缘路168号,天旭逸城
锦江区琉璃路718号,翡翠城3期
龙泉驿区龙泉街道办事处青年路32号,科华园
天府新区华阳美岸路一段66号,中信城左岸
龙泉驿区柏合镇燃灯寺路南路498号东城龙湾,东域龙湾
武侯区二环路南一段7号,棕竹园
都江堰市天府大道银海金岸49号,银海金岸
郫都区郫筒镇城东巷65号,东福苑
高新西区檬梓环街114号,八里苑
新都区新繁镇外西街176号,峰瑞新天地
金牛区韦家碾一路24号,绿地·世纪城
青羊区西华门街17号,天府中心
金堂县赵镇十里大道二段78号,金泉丽都
金堂县赵镇顺运街56号,金都华府
都江堰市永安大道南三段“兴堰丽景C区”210号,兴堰丽景C区
金堂县赵镇新龙路38号,广慧.好望角
高新区锦城大道1288号,西派国际
郫都区犀浦镇国宁东路1188号,中铁塔米亚
高新区锦城大道1261号,天府欣苑西区
武侯区太平园中六路166号,置信丽都·花园城内侧D区
金堂县赵镇三江路351号,交通欣苑
武侯区科华中路150号,金英汇
温江区金马镇太极大道266号,花样年.花样城5期
温江区西班牙森林二期,西班牙森林二期
武侯区高攀西巷3号,泛悦国际
高新区盛邦街333号,中海兰庭
金牛区玉赛路9号,华凌尚城
青羊区光华东三路401号,光华逸家
温江区温泉大道三段399号,花样年·花样城
青羊区双锦路51号,快乐空间
青羊区光润一路78号,成都佳兆业广场
武侯区桐梓林中路1号,芳草地
高新区濯锦路28号,长城·半岛城邦
青羊区瑞联路66号,天合凯旋城
青羊区二环路西二段10号,盛世草堂
新都区大丰镇南丰大道6号,南丰紫金苑
武侯区沙堰西街20号,中央花园二期
郫都区三道堰镇水乡街573号百花小区,百花小区
龙泉驿区龙泉沿山路一段2号,富力山水人家
温江区柳城街办南熏大道三段855号,金强大学城
新都区状元街18号,茂园
金堂县赵镇万方街203号,水城花园西区
金牛区同和路9号,三和家园
金堂县赵镇滨江路二段369号,城投·润城
金堂县赵镇金园街619号,金山国际
武侯区晋平街77号,红运花园
金牛区蜀西南二路228号,高家庄赞城
龙泉驿区龙城大道468号,保利玫瑰花语
新都区三河紫桐路255号,保利·玫瑰郡
锦江区二环路东四段134号,盛华苑
成华区成康路83号,水乡茗居东区
高新区锦龙路99号,蒂梵尼TOWN
新都区新都镇同仁路199号,我的大学
龙泉驿区龙泉镇星光东路3号A组团,星河名居
双流区胜利镇牧山大道二段1号维也纳森林别墅,维也纳森林别墅
双流区西航港街道长城路二段399号,锦丽华庭
双流区西航港街道川大路三段266号,文星花园
新都区新都镇学院路东段600号,叠香庄园
双流区东升街道城北上街253号,佳兆业8号
金牛区沙河源南街1号,芙华·幸福彼岸
武侯区紫藤路3号,紫藤花园
锦江区镗钯街38号、义学巷60号,恒大都汇华庭
温江区万春镇春江南路8号,德坤海地亚
金堂县三中园区十里大道五、六横道之间,蜀源小区
武侯区置信北街1号,双楠谊苑-1期
成华区东丽街58号,首创光和城
龙泉驿区大面街道办事处洪玉路245号,花样年华常青藤
高新区新义路3号,中房·润新花园B区
新都区新都镇凌波西路788号,缤纷.翠微
青白江区馨苑巷12号,广场馨苑
锦江区滨江西路8号,世代锦江凯旋门
简阳市石桥镇泛月路178号（七号花园）,七号花园
青羊区蜀金东路88号,金沙海棠
郫都区郫筒镇城东巷120号,阿坝州气象局家属院
郫都区郫筒镇景尚景街28号景·尚景,景.尚景一期
双流区东升街道广都大道98号,东盛园
锦江区月季街167号,华韵天府
金牛区长兴街5号,长兴街5号
高新区应龙路77号,嘉年华国际
成华区建材路18号,隆鑫九熙
天府新区华阳镇伏龙村滨河花园,华阳滨河花园
高新区中和大道一段99号,领馆区-1号
高新区天府大道南段1167号,城南晶座
金牛区泉水东路8号,泉水北苑
青白江区栖凤街268号,瑞居海布斯卡
金堂县赵镇观岭大道1188号,丁香墅一期
高新区天府一街899号,峰度天下
温江区涌泉花土路1519号,合能珍宝琥珀
新都区 新都镇福音路27号,福音巷27号院
温江区永宁镇康安路366号,芙蓉田园
新都区大丰街道方营路555号,汇融达令港
高新西区清源环街168号,清源环街168号院
锦江区大观街158号,花香苑
武侯区武阳大道一段288号,中央花园城市别墅
龙泉驿区同安街道办事处锦绣路176号阳光商业世界,金巴黎
温江区公平街办和平路369号城建·双城,城建双城维拉小镇
双流区九江街道乌江路232号,欧香名苑
锦江区水杉街558号,海桐-三期
青羊区光华东三路401号,光华逸家四期
温江区公平花都大道西段399号,朝阳时代西锦
高新西区汇川街166号,中海海科大厦
成华区双桥路274号,朝发苑
新都区电子路东段,小城故事
龙泉驿区大面洪河北路569号,恋日家园G区
金堂县赵镇滨江路一段29号,生态水城
新津县花桥镇棉花沱小区,棉花沱社区
金堂县赵镇金鹏路69号,金阳水景二期
金牛区花照璧西顺街54号,花照壁西顺街54号院
金堂县赵镇十里大道二段335号,现代名都
温江区天府学府路南段133号,地铁首座
金牛区长久一巷9号,香榭里公交苑
郫都区红光镇红光路233号,上风苑
双流区西航港街道黄河中路二段36号圣菲TOWN城,圣菲TOWN城
金堂县淮口镇东升镇90号,洲城花园一期
温江区金马镇横湖路66号,月映长滩
新都区新都镇天缘路二段195号,聚贤雅丽园
郫都区郫筒镇望丛东路19号,348厂宿舍
高新西区尚锦路268号,上锦颐园佳境
锦江区通盈街88号,绿地锦天府
龙泉驿区十陵街道灵龙路373号,来龙名苑
双流区东升街道三强东路一段49号,欧城花园
高新区高升桥东路11号,德政苑
龙泉驿区龙泉镇航天北路乙区,航天乙区
新都区大丰街道亲河路21号,亲河名居B区
双流区万安镇麓山大道二段19号附1号成都雅居乐花园,成都雅居乐花园
成华区荆竹中路199号,华润翠林华庭
龙泉驿区大面车城西三路666号,保利·紫薇花语
双流区东升街道长顺路三段128号,蓉城胜景
青羊区光华大道一段866号,元益花园
天府新区华阳街道滨河路二段169号,戛纳湾?滨江
金堂县赵镇金广路189号,亲水映象
金堂县赵镇十里大道二段621号,金城锦绣花园
金牛区解放路一段75号,富丽碧蔓汀
龙泉驿区金槐街258号,天府逸家一期
青羊区同辉南路256号,东林光华杏林
温江区万春镇天乡路二段299号,置信·国色天乡鹭湖宫6区C区
郫都区红光镇正兴路65号,红光苑
青白江区同金街29号,春天华逸
龙泉驿区大面洪景南路1号洪景丽苑,洪景丽苑
郫都区郫筒镇文信路199号,中信未来城
温江区公平街办花都大道西段888号,世纪光华
高新区雍翠路303号,南城都汇汇馨园
双流区东升街道银河路2222号,贵通御苑映月湾
金牛区华丰路66号,华侨城纯水岸
青白江区大湾镇安居路142号,青江华庭A区
成华区跳蹬河北路185号,成都市华川医院
龙泉驿区同安街道办事处同达街31号,龙锦花苑
郫都区郫筒镇科新路5号,置信逸都C区
金堂县赵镇金泉路666号,宝龙水岸金城
锦江区经天路4号,经天路4号院
金牛区顺沙巷8号,南玻公寓
武侯区顺和横街28号,中华名园三期C区
新都区大丰街道博雅路18号,成博小区
锦江区汇源北路99号,天誉南区
龙泉驿区龙街办董郎路336号,景华苑
龙泉驿区柏合街办佳美路392号,柏合镇长远小区-西区
龙泉驿区同安镇圣景路,和谐小区
郫都区正兴路146号,西区御景
新都区大丰镇南街182号,晨光小区
双流区西航港街道机场路土桥段118号太禾·水晶城,太禾水晶城
新都区大丰街道互惠大道39号,常青藤三期
温江区金马镇太极大道266号,花样年·花样城五期
龙泉驿区大面街道银河路118号恒大绿洲,恒大绿洲
郫都区红光镇红佳东路8号,正成·名城左岸
郫都区红光镇广场路北一段50号万基·金蓝湾,万基·金蓝湾
龙泉驿区大面银河路118号恒大绿洲,恒大绿洲
金牛区抚琴西路欣园小区,欣园
双流区西航港街道光电大道289号,蓝润华府春天
金牛区金科苑东街65号,金科苑七区
成华区华油路175号新13,新13号院
双流区西航港街道机场路近都段8号空港16区,空港16区
新都区同仁路199号,我的大学
武侯区红牌楼北街26号,丽鑫苑
龙泉驿区龙泉航天北路乙生活区,航天乙区
双流区九江街道五桐路20号,蜀镇.锦云阁
龙泉驿区龙泉龙都北路39号春秋名邸二期,春秋名邸
新都区新都街道工业大道西段393号,麦田国际社区
双流区东升街道藏卫路南二段699号,时代锦城
郫都区郫筒镇望丛东路308号舜苑·一里阳光,舜苑·一里阳光
金牛区蜀汉路4号,瑞西小区
龙泉驿区柏合镇龙工南路777号,旺府凯旋门
龙泉驿区龙泉街道办事处龙都南路4号,金色极地
金牛区一环路北一段330号,铁路新村
成华区水碾河路25号,蜀都惠园
锦江区喜树街618号,锦江城市花园三期
郫都区郫筒镇杜鹃路589号实久花园,实久花园
高新区紫荆东路55号,圣安卓花园
金牛区王家巷26号,泰丰御园
锦江区华星路8号,大陆锦江华庭
郫都区红光镇红佳东路8号正成·名城左岸,正成·名城左岸
高新区合作路89号,龙湖时代天街
双流区西航港街道临港路四段9号,久居福
青羊区磨底河沿街15号,原景晓筑
成华区福康街25号,富丽花园
武侯区金花横街57号,君雁·金梧桐
武侯区金雁路116号,名流花园
锦江区东安北路20号,宜家home
高新区仁和东街21号,新南四期
郫都区郫筒镇中信大道四段968号,中冶田园世界
新都区新都镇马超东路2号,维也纳花园二期
武侯区科华南路3号,南辰景秀
成华区建设北路三段496号,晴和苑
双流区西航港街道顺风路112号,顺风苑
高新区大源北一街25号,双祥社区-25号院
天府新区华阳街道正西街88号成南领寓,成南领寓
青白江区安居路119号,青江华庭B区
武侯区大华街2号,爱丁堡
金堂县赵镇十里大道二段485号附1号,安康苑
金堂县赵镇十里大道一段252号,园丁苑
金堂县三星镇文达路333号,一号街区
武侯区武侯大道双楠段128号,双楠映象
郫都区郫筒镇文信路88号,海骏达蜀都1号一期北区
郫都区红光镇正兴大道146号西区御景,西区御景
高新区新园南二路8号,新园社区
双流区西航港街道希望路115号,美好家园
龙泉驿区十陵灵龙路512号,天兴小区
龙泉驿区十陵街道办事处江华路371号,书香雅舍
武侯区顺和街10号,中华名园一期
龙泉驿区龙泉街道办事处合龙街29号,煌歌艺树
郫都区犀浦镇启明花园,启明花园
温江区柳城文化路139号,柳宾小区
双流区东升街道龙桥路6号,宗申·赛拉维
龙泉驿区龙泉街道滨河北街39号,驿都水岸丽园
温江区永宁镇开金路669号芙蓉古城·紫霄园,芙蓉古城.紫霄园
金牛区交桂路89号,较大智能花园2期
青羊区光华东三路588号,西城尚锦
金牛区红花南路38号,红花教师苑
都江堰市灌口镇蒲阳路瓷厂巷,碧城苑
青白江区红阳教育街230号,青江馨苑
新都区三河街道蔷薇路348号,保利公园蔷薇郡
青白江区大同镇凤凰东四路222号,恒大雅苑
郫都区犀浦镇恒山南街112号,银杏苑
龙泉驿区驿都中路928号合能四季康城一期,合能四季康城
龙泉驿区十陵和平路336号,华川小区
成华区邛崃山路68号,东方新城2期
高新区锦灿街19号,育才竹岛
高新区肖家河沿巷5号,肖家河沿巷5号院
新都区斑竹园镇南华路46号,云水涧住宅小区
成华区二仙桥北二路2号,东圣名居
双流区东升镇广都大道189号,大成·天府景秀
新都区石板滩镇蜀新街29号,丽都半岛
成华区二环路东一段28号,瀚林花园
金堂县赵镇金航街54号,金航花园
锦江区东光村三组东怡苑,东怡苑
金堂县赵镇朝阳街1号,禾嘉名邸
锦江区静沙南路29号,沙河壹号二期
新都区大丰街道晓初滨河路一巷55号,博雅新城B区
龙泉驿区十陵街道办事处和平路336号,华川小区
新都区石板滩镇东风西街219号,鑫怡·东韵嘉园
青羊区东坡北二路688号,香木林新城
成华区荆翠西路2号,金科中心
双流区西航港街道黄河中路二段36号,圣菲TOWN城
武侯区棕北小区竹苑,竹苑
锦江区二环路东四段36号,二环路东四段36号院
武侯区高升桥南街3号,高升桥南街3号院
郫都区郫筒镇望丛东路308号舜苑·一里阳光,舜苑.一里阳光
高新区府城大道中段188号,时代·晶科名苑
成华区长天路10号,联合小区
金牛区长青北街28号,长福苑
郫都区郫筒镇檬柏西路469号,华宇天府花城
双流区西航港街道临港路四段28号加贝·书香尚品,加贝·书香尚品
双流区九江街道双九路二段188号,香博城
金堂县赵镇韩滩路28号,韩滩茗苑
金堂县赵镇观岭大道1188号,观岭花湖
都江堰市灌口镇新生巷,和睦家园
青羊区青羊大道98号,光华馨地
锦江区牡丹街595号,鑫苑名家一期
新都区泰兴镇兴龙横街34号,泰兴中学家属院
高新西区尚雅路9号,万景峰二期
高新区锦城大道666号,奥克斯广场
金牛区金房苑横街89号,金房央座
龙泉驿区龙泉长柏路310号,龙泉三小教师宿舍
金牛区二环路北一段111号,交大南园
青白江区红阳路42号,红阳一区
锦江区国槐街698号,海桐一期
郫都区犀浦镇华都大道76号西郡兰庭,西郡兰庭二期
成华区升仙湖北路68号,沙河路苑
崇州市崇阳镇九龙路400号,九龙花园
崇州市崇阳镇公园大道8号,上林西江国际社区
龙泉驿区龙泉镇长柏路,燎原生活小区
天府新区公兴镇黄龙大道二段333号花样年·别样城,花样年别样城
新都区三河街道天海路98号,天府江南
新都区大丰街道蓉北路三段9号,红湖公园城二期
新都区三河街道天海路123号,天府江南C区
龙泉驿区金槐路258号,天府逸家一期
新都区新都镇兴城大道777号,富力桃园A区
龙泉驿区大面街道梧桐路60号上东阳光三期,上东阳光三期
新都区大丰镇崇义桥街210号,怡欣苑
天府新区华府大道一段499号,黄金海岸
金堂县赵镇沙河街85号,工商沙河小区
金堂县三中园区十里大道现代名城,现代名城
双流区西航港街道川大路二段299号江安花园,江安花园
温江区柳城新南路306号,万家华庭
龙泉驿区龙泉街道北泉路中铁新城二期,果壳里的城
锦江区牡丹街692号,四海逸家二期
龙泉驿区大面街道银河路118号恒大绿洲,恒大绿洲二期
天府新区华阳街道华府大道一段996号,金茂光明城市
龙泉驿区鲸龙路777号,东山领地
新都区新都镇宝光大道南段50号,华逸花园·新都苑
高新区天府二街138号,蜀都中心
双流区西航港街道临港路三段66号美盛·弗客郡,美盛·弗客城
龙泉驿区龙泉街道办事处龙平路324号,丽阳晶舍
武侯区潮音路109号,中华锦绣
青羊区鼓楼北四楼街27号,27号院
金堂县赵镇康宁街59号,健康小区
青羊区光耀二路316号,心愿花园二期
成华区双成三路17号,华润·紫云府
温江区百信路188号,明信仕林府
青羊区同善桥南街9号,香榭名苑
青羊区吉祥街14号,吉苑
成华区五桂路6号,阳光100米娅中心
成华区洪山路68号丽水澜庭,丽水澜庭
成华区华彩路4号,秀林尚苑东区
新都区新都镇学院路东段300号,翰香府
龙泉驿区龙泉街道龙都北路39号春秋名邸,春秋名邸
双流区棠湖东路二段6号,银通综合楼
高新区盛安街186号,中环岛
龙泉驿区十陵灵龙路213号,东方家园
高新区新义西街96号,神仙树缤纷
青羊区清波路77号,华润金悦湾
武侯区武青北路8号,星语双城东区
高新区天府大道北段1700号,环球中心
武侯区玉林北路15号,顺风苑
新都区大丰街道互惠大道158号,华业·北新国际
郫都区安靖镇御景路140号,府河御景
金牛区铁路新村92号,铁路新村
新都区新都街道博海路83号,海伦国际
成华区杉板桥南一路163号,锦绣东方
新都区大丰街道赵家寺路386号,保利·春天花语
金牛区金牛坝路11号,九四信箱第三生活区
龙泉驿区十陵街道上成大花园,成大花园
双流区协和街道顺兴路一段468号,南湖逸家
双流区华阳街道华府大道一段996号,金茂光明城市一期
锦江区黄葛树街5号,四海逸家·华府
崇州市崇阳镇桑林街41号,西湖苑
锦江区经天里31号,上东花园-二组团
崇州市崇阳镇永康西路398号,九龙天瑞广场
锦江区白桦林路29号,华都美林湾
郫都区犀浦镇兴业南街199号,西区花园二期
高新区盛华北路288号,华润凤凰城三期
龙泉驿区龙泉龙都北路39号春秋名邸二期,春秋名邸二期
双流区西航港街道星月路69号,大成郡
武侯区小天东街3号,盛锦华庭
青羊区培风路80号,培风小区西区
双流区九江街道乌江路47号,锦绣楠郡
成华区羊子山路68号,东立国际广场
成华区邛崃山路68号,东方新城二期
成华区民兴北二路158号,蓝润v客尚东
锦江区东怡街90号,锦东苑
龙泉驿区同安镇幸福路6号,金山花园
天府新区万安镇麓山大道二段20号附19号,麓山国际社区圣芭芭拉
双流区西航港街道临港路三段18号银泰花园,银泰花园
金堂县赵镇古城街270号,江岸在水一方
金堂县赵镇康宁街236号,泰康尚境
青白江区青江北路69号,怡湖玫瑰苑
新都区新都镇宝光大道中段37号,兴泰苑
新都区大丰街道方元璐222号,开元国际社区
青白江区凤祥大道800号,中华名城
青白江区同华大道199号,凯斯顿华府
温江区柳城镇西大街47号,和谐小区（温江）
成华区祥和里3号,祥和里1号院
双流区东升街道广都大道189号大成·天府景秀,大成·天府景秀
双流区东升街道藏卫路南二段528号瑞丰花园,瑞丰花园
龙泉驿区十陵镇成大花园,成大花园
新都区新都县新都镇猫市巷65号,猫市巷65号
新都区大丰镇三元大道,三元大道78号院
郫都区犀浦镇金粮路599号,西江月
青羊区战旗东路6号,战旗小区
高新区天仁北一街1号,和平小区
武侯区佳灵路7号,红牌楼广场-一期
龙泉驿区驿都中路928号合能四季康城三期,合能四季康城三期
金堂县淮口镇兴淮大道223号,银河春天二期
武侯区龙腾东路2号,杜甫花园
新都区新繁镇新街47号,繁江北路48号
新都区新繁镇外西横街114号,南溪苑
金牛区花牌坊北顺街3号,西锦国际一期
成华区邛崃山路68号,东方新城
新都区新都镇兴城大道755号,富力桃园
金牛区红花村1号,红花小区
金牛区营和街66号,营和苑
郫都区犀浦镇犀池二街87号,晶宝楼
温江区柳城南熏大道一段509号上林宽境C区,上林宽境C区
龙泉驿区龙泉南京路33号龙府花园,龙府花园
武侯区佳灵路4号,泰基南棠
成华区和美东路177号,蓝光锦绣城
武侯区玉林北路15号,玉桂苑
温江区涌泉同兴东路88号,佳兆业丽晶港
锦江区国槐街500号,蓝谷地C区
天府新区华阳街道南湖大道360号,佳兆业·君汇上品
温江区万春镇春江南路152号,花语岸
金堂县赵镇山王庙街69号,川西家园C区
天府新区华阳祥鹤一街55号,鑫苑鑫都汇北区
高新区府城大道中段188号,时代晶科名苑
青白江区凤凰西七路28号,英祥.北城映像
青白江区华严镇红阳路351号,城北小区
新都区大丰街道仁爱路118号,欣茂.大峰景
龙泉驿区驿都中路6号,龙泉·天立广场
双流区东升街道航都大街四段60号,东立国际花城
崇州市崇阳镇唐兴西路68号,锦绣天居
新都区木兰镇香岸北路168号,保利狮子湖
武侯区武侯大道双楠段92号,楠雅阁
金堂县赵镇清平街206号,北滨1号
金牛区金科苑东街65号,金科苑7区
龙泉驿区龙泉街道北泉路1188号中铁新城,果壳里的城
新都区三河街道回龙路59号,回龙湾小区
武侯区武阳大道三段51号,下一站都市
金堂县赵镇金园街388号,维罗纳
青羊区石人南路18号,南凤苑
高新区天华路9号,英郡三期
龙泉驿区龙泉镇航天北路乙生活区,航天乙区
金牛区长兴街8号,花香九里
青羊区清源三路169号,蓝光COCO金沙二期
武侯区云影路1号,云影苑
成华区万年场积步街13号,积步街13号院
郫都区红光镇思源路81号,公园一号
郫都区犀浦镇兴业南街199号,西区花园晨之曦
龙泉驿区龙泉镇长柏村七，八组,九鼎小区
高新区新雅中街32号院,新雅中街32号院
双流区西航港街道临港路二段9号,和贵久居福
金牛区光荣北路5号,光荣北路5号院
锦江区大观街160号,花香苑
青白江区安居路219号,幸福家园新河湾
双流区东升街道宜城大道225号,海棠公馆
青白江区城厢镇朝阳北路45号,城香首府
龙泉驿区大面街道龙城大道1号龙城一号,龙城一号
新都区新都镇状元街18号,茂园
郫都区犀浦镇学园路148号,怡景城市花苑
青羊区龙栖路459号,龙栖苑
高新区天河西一街77号,南晶国际·南庭
龙泉驿区龙泉街道办事处龙都北路666号山水四季城,山水四季城
双流区西航港街道临港路三段66号,美盛·弗客城
青白江区大弯华金大道二段165号,廊桥翠庭
龙泉驿区同安街道办事好处幸福路6号,金山花园
龙泉驿区华信大道89号东山国际新城H区,东山国际新城H区
郫都区郫筒镇何公路4号,何公路4号院
青白江区凤凰大道二段888号,凤凰1号
崇州市崇阳镇中南街257号,三和人家
龙泉驿区同安街道办事处幸福路6号,金山花园
温江区江安路739号,千禧河畔C区
成华区东丽街138号,金科一城
高新区锦韵路6号,翡翠半岛国际社区
郫都区犀浦镇恒山大道312号金竹苑小区,金竹苑
龙泉驿区天鹅西湖南路33号世茂城二期一区,世茂城二期
成华区华油路95号新37号,瑞苑
龙泉驿区西河镇西河大道168号东方美宸三期,东方美宸三期
天府新区中和镇太平街,太平街44号院
青白江区大同镇同福西路81号,宏瑞阳光郦城
锦江区经天西路88号,沙河嘉苑
温江区天府街办海科路东段688号,学府阳光
锦江区通桂路7号,中洲中央城邦
锦江区成龙大道一段9号,卓锦城
新都区新都镇育英路366号,北欧印象
新都区大丰街道晓初滨河路88号,博雅新城A区
金堂县三中园区万方街生活品市场,生活品市场
金堂县赵镇十里大道二段335号,现代名城
新都区新都镇静安路19号,橄榄郡
高新西区独柏街123号,古楠苑
崇州市崇阳镇辰居路312号,北苑公寓
青羊区双清中路40号,锦欣苑
成华区华彩路16号,龙锦雅苑
金牛区同和路9号,三和花园
温江区公平花都大道西段888号,世纪光华
新都区大丰镇三元街,天府石油乐园
双流区黄水镇燕杨路3号,三盛·翡俪山
高新区新乐中街280号,玲珑南域
龙泉驿区大面青台山路99号首创川师大1号项目,首创万卷山
郫都区郫筒镇凉水井西路46号河滨鹭岛,河滨鹭岛
双流区西航港街道长江路三段2号雅南居,雅南居
新都区大丰街道三元大道288号附1号,亲河名居C区
武侯区双楠路166号,卫居苑
锦江区芙蓉西路468号,468公馆一期
金牛区洞子口乡九里堤1-2组千禧花园,千禧花园
高新区中和新下街39号,王府春天花园
金堂县赵镇十里大道二段529号,金竹花园
郫都区三道堰镇永宁路南二段340号,鑫和苑
武侯区黉门街1号,建川·黉门公馆
新都区新都街道炬光路222号,雄飞北尚广场
新都区新都镇翠微路38号,交大·香洲半岛南庭
新都区木兰镇香岸北路168号,保利狮子湖香樟郡
成华区建材路37号,隆鑫九熙
锦江区顺江路49号,顺江路49号院
崇州市崇阳镇滨河路二段65号,丽水香江
郫都区郫筒镇凉水街38号锦绣西苑二期,锦绣西苑二期
新都区新都镇金都街39号,金都小区
金牛区五福桥东路8号,五福桥东路8号院
武侯区七道堰街28号,长顺苑
武侯区棕树十街坊长寿路5号,长乐院
高新区荣华南路366号,保利香雪
双流区协和街道剑南大道南段338号,美城云庭
龙泉驿区大面街办龙城大道9号师大现代花园二期,师大现代花园
龙泉驿区龙泉镇永双路87号新新花园,新新家园
新都区大丰镇三元大道大庆苑亲河名居C区,亲河名居C区
龙泉驿区柏合镇爱琴路88号,东山国际新城鉴山
崇州市崇阳镇蜀州北路208号,崇阳世家
武侯区盛丰路488号,卫欣苑A
金牛区解放路一段139号,瑞安.城中汇
都江堰市胥家镇羊叉村三组水郡,水郡别墅
郫都区恒山大道255号金犀庭苑,金犀庭院
郫都区红光镇广场路265号,西华枫林
新都区新都镇桂湖西路465号,桂西小区
金牛区育仁南路37号,花语廊
双流区东升街道涧槽中街333号香楠湖,香楠湖
锦江区红星路四段9号,建银大厦
新都区大丰街道南丰大道6号,南丰紫金苑
成华区龙港二路6号,北湖龙珠
成华区双庆路16号,成发·紫东芯座
龙泉驿区大面街道天鹅西湖南路6号成都世茂雅筑,世茂城一期
新都区新都镇鸿运大道东段580号,福缘小区
新都区新都镇外南街204号附1号,思营社区
金牛区金沙路16号,明苑公寓
高新区天益街78号,融城理想
龙泉驿区龙泉街道长顺路58号龙锦小区,龙锦小区
双流区西航港街道泰华路168号,邦泰华府公馆
金堂县赵镇望江街34号,广慧沙河茗居
武侯区星狮路900号,高碑瑞苑-A区
龙泉驿区龙泉街道公园路一段189号锦上城,锦上城
新都区木兰镇聚缘路169号,天旭逸城
金牛区李家沱树蓓巷1号,树蓓巷1号28幢
新都区新都镇励志路二段37号,上锦康城B区
郫都区红光镇红佳路108号,上善天成
郫都区犀浦镇恒山南街35号,犀池苑小区
天府新区华阳街道广都上街138号南阳盛世,南阳盛世
金堂县三中园区金沙街186号,华泰创新家园
崇州市崇阳镇蜀南西路1号,恒宇尊城
青白江区大弯镇安居路88号,青江花园
高新区南华路1616号,建发天府鹭洲
锦江区经天一街127号,上东花园
高新区剑南大道中段1533号,利通时代晶座
锦江区海椒市街6号,富丽苑
高新区超洋路36号,超洋路2号院
金牛区泉水西路51号,新桥丽景
金牛区为民路45号,为民新村
高新区金桂路238号,东苑-B区
金牛区一环路北一段330号,前进大院
锦江区静祥路33号,上东锦城
郫都区郫筒镇杜鹃路468号中铁瑞景茗城,中铁·瑞景茗城
金堂县赵镇观岭大道1188号,依云岭
新都区新都镇上南街35号,宏升小区
双流区东升镇永安路三段74号,天伦家园
青白江区石家碾中路80号,经典华庭
金堂县赵镇成金大道2880号,成都北部湾
武侯区锦秀巷秀苑,秀苑
青白江区石家碾中路139号,清华逸景
武侯区西三环路一段50号,顺江锦苑
金堂县赵镇十里大道一段706号,广场苑
锦江区锦华路三段181号,锦绣阳光
新津县五津镇希望东路99号,新筑·巴伦西亚
新都区新都镇励志路二段38号,上锦康城一期
金牛区化成小区五里墩一巷,外化成小区
龙泉驿区龙泉街道办事处董郎路336号,景华苑
金堂县三中园区金园街139号,金鹤苑
崇州市崇阳镇杨祠街358号,愿景滨河春晓
新都区新都镇新泰西路166号,香城丽园
锦江区东光街18号,绿园小区
金堂县赵镇观岭大道1188号,锦绣香江.依云岭
新都区大丰镇花都大道760号,北庭春天
青羊区蜀鑫路8号,海亮樾金沙
青白江区凤祥大道78号,金色港湾
成华区民行北一路66号,正成·东区1号
武侯区高升桥东路19号,清和苑
温江区万春镇春江西路398号,鹭湖宫7区
龙泉驿区西河镇翠竹路93号城市家园小区,城市家园
成华区万科北街2号,万科魅力之城一期
温江区涌泉街办林泉南街99号,香瑞湖花园
龙泉驿区龙泉街道办事处欧鹏大道382号,欧鹏大道382号院
龙泉驿区同安街办锦绣路178号,东方虹花苑
龙泉驿区龙泉广乐路2号,好日子花园
金牛区簸箕街簸箕巷2号,城隍公寓
郫都区郫筒镇创智南一路39号,绿地国际花都
高新西区尚雅路8号,万景峰
青羊区金鹏街388号,中大君悦金沙七期
新津县花源镇青云路128号,龙湖悠山郡花屿台
双流区西航港街道临港路五段66号,弗客城
崇州市崇阳镇蜀州南路180号,汉嘉御景
锦江区海椒市街4号,东方新城
成华区双成二路39号,华润二十四城
温江区柳城镇新南路608号兴城丽景,兴城丽景
金堂县赵镇古城街228号,金府苑
金堂县赵镇滨江路一段486号,滨江苑
高新区天府二街138号,蜀都中心一期
武侯区高升桥路9号,罗浮世家-一期
天府新区万安镇麓山大道二段20号,麓山国际社区茵特拉肯
双流区西航港街道长江路二段5号,翰林南城
郫都区犀浦镇国宁东路299号,蓝光幸福满庭
温江区柳城街办南江路199号,光华苑
双流区西航港街道办事处长江路二段5号,翰林南城
青羊区同德街3号,千和沁香华庭
青白江区红阳路351号,城北小区
高新区天府大道中段177号,天鹅湖花园北苑
天府新区华阳华府大道一段599号,府河音乐花园
郫都区犀浦镇玉龙六巷95号,阳光雅舍
天府新区华阳剑南大道南段1299号,三利宅院白云渡
武侯区果丰路88号,正成·金楠尚府
新都区新都镇育英路333号,新都国际广场
锦江区静宁路9号,蓝谷地A区
青羊区同心路1号,正黄·金域国际
龙泉驿区天鹅西湖南路333号,世茂城四期
龙泉驿区十陵街道办事处灵龙路564号,宁江社区
崇州市崇阳镇早觉中街126号,早觉中街126号院
崇州市崇阳镇杨祠北二巷5号,瑞和苑
青白江区红华街299号,泰和欧城
青白江区红阳华金大道二段406号,齐盛艺品
双流区西航港街道临港路三段33号瑞升明院,瑞升明院
武侯区长城西一路39号,优客联邦三期
龙泉驿区经开区南一路2466号琥珀庭院二期,琥珀庭院二期
青羊区正府街172号,证大正府
新都区新都街道博海路83号,海伦国际一期
金堂县赵镇北滨路上段55号,水城茗馨苑C区
金堂县赵镇观岭大道1188号,观岭1号
青羊区光华大道一段57号,玉园清水湾
温江区柳城街办凤溪大道南段333号,格凌兰
金牛区二环路北三段21号,紫金乐章
金牛区营康路63号,凯瑞花都
金牛区树蓓街42号,树蓓街42号院
高新区吉泰五路88号,花样年·香年广场
武侯区桐梓林北路16号中苑,中华园中苑
都江堰市安金路岷山清水人家二期144号,清水人家二期
金堂县三星镇棕榈湖路104号,棕榈湖
龙泉驿区龙泉街道建材路249号人和世家,人和世家
龙泉驿区大面街道银河路179号银河花园,银河花园
龙泉驿区龙泉街办龙都南路3号,海川国际社区
郫都区郫筒镇东大街249号紫藤居,紫藤居
新都区新都镇学府路东段289号,中铁十三局宿舍
崇州市崇阳街道公园大道8号,上林西江国际社区
高新西区西源大道1311号,成都合院二期
成华区双荆路6号,招商雍华府
高新区天环街680号,凯丽滨江花园
武侯区聚龙路1147号,保利花园一期
温江区柳城街办学府路南段588号,海科名城
双流区西航港街道机场路土桥段118号,太禾水晶城
新都区大丰街道敬成路501号,圣采泊尚西区
郫都区犀浦镇校园路381号,锦苑3期
高新区新义路1号,新北3期
天府新区华阳街道华府大道一段898号丽景华庭·慕和南道,慕和南道
金堂县赵镇赵镇康宁街398号,星月湾
新都区新都镇香城大道266号,福茂·红树林
金牛区马鞍东路,马鞍东路社区
锦江区净居寺南街55号,东润·风尚
郫都区犀浦镇校园路816号,兰枫园
新都区保利公园198海棠花语,保利198海棠花园
郫都区郫筒镇北大街373号欣洋城,欣洋城
温江区万春镇春江西路268号,鹭湖宫7区
武侯区聚荟街436号,华宇静苑
金牛区星辰路58号,天地芳苑
锦江区茶花街106号,锦江逸家
青羊区贝森路323号,铸信境界
双流区东升街道广都大道420号南阳锦城·锦绣阁,南阳锦城·锦绣阁
金牛区营康西路489号,二十九所生活区丙区
青白江区华逸路118号,宏恩康城
金牛区黄忠街9号,金沙美邻二期
天府新区棕榈泉费尔蒙公寓,棕榈泉费尔蒙公寓
武侯区双楠街259号,双和苑
龙泉驿区龙泉龙都南路756号,金色逸景
新都区大丰街道诚信路199号,绿地城
青羊区牧电路10号,送仙桥社区
双流区东升街道航港路33号,九龙仓时代小镇
青羊区蜀辉路235号,世纪金沙二期
高新区石羊场路71号,保利锦湖林语南区
金堂县三中园区先锋居委会小区,先锋小区
龙泉驿区同安街道办事处希望路68号,宏得紫竹苑
温江区公平温泉大道二段177号,洲际春天广场
青白江区新河路9号,清江名城
青白江区石家碾东路40号,蜀青丽景湾
武侯区洗面桥东一街1号,洗面桥东一街1号院
金堂县赵镇民生巷3号,民生小区
金堂县赵镇金泉路1368号,杨柳桥小区
武侯区燃灯寺北街29号,燃灯寺北街29号院
成华区圣灯路111号,中房·红枫岭二期
郫都区郫筒镇凉水井东路99号,置信逸都B区
双流区西航港街道长江路一段8号宗申流溪丽园,宗申流溪丽园
武侯区机投镇皇家花园,皇家花园
成华区羊子山西路88号,兴元华盛三期
高新区应龙路77号,嘉年华国际社区·御府
崇州市崇阳镇学苑北路118号,鹭岛之星
新都区新都镇蓉都大道北一段168号附4号,名品佳·7080
新都区新都镇宝光大道北段139号,信地兰卡威
龙泉驿区同安镇锦绣路101号阳光花苑,阳光花苑
武侯区果盛路6号,顺江新苑B区
金牛区蜀光路16号,金港湾花园二期
温江区南熏大道一段366号,玺龙湾
邛崃市临邛镇金宝街66号附1号,国税金宝小区
成华区龙厢街299号,蓝光COCO国际
金牛区蓉北商贸大道一段99号,恒业星园
金堂县赵镇迎宾大道一段15号,金海湾
金牛区同和路98号,悦民苑
郫都区郫筒镇南兴巷117号,南兴巷教师公寓
金牛区长青横街18号,花香九里
双流区西航港街道长江路二段16号,锦江苑
双流区九江镇乌江路352号蛟龙银座,蛟龙银座
新都区新都镇马超西路1号,万家和新城花园
新都区新都镇清源路300号,芙蓉名城三期
新都区新都镇清源路300号,芙蓉名城
崇州市崇阳镇江源中路99号,东城国际
龙泉驿区车城西五路99号,金茂悦龙山
成华区羊子山西路69号,兴元华盛二期
武侯区晋平街道中央花园二期,中央花园二期
新都区大丰街道龙桥路186号,保利城3期
青白江区华逸路609号,华逸花园
成华区和美西路8号,首创国际城
天府新区华阳街道顺和街107号府河名居,府河名居
龙泉驿区龙泉街道办事处董郎路60号,春秋家院
高新区中胜路66号,楠香山
新都区新都镇兴城大道533号,澳洲湾
龙泉驿区龙泉航天北路南区,绿影苑
金牛区人民北路一段21号,人民北路一段21号院
郫都区郫筒镇文信路168号,中信未来城底商
龙泉驿区龙泉航天北路丁区,航天丁区
青白江区菁华路116号,书香别院
龙泉驿区龙都北路669号独立别墅,玉龙山庄
青羊区金凤路1号,祥域
武侯区名流花园翡翠楼,名流花园
成华区建和路6号,颐和家园
金牛区营中巷32号,金牛区营中巷32号院
温江区柳城街办德通桥路99号,格澜威尔
金牛区通锦路15号,通锦路十五号院
高新西区尚雅路9号,万景峰西区
新都区新都镇龙家湾巷63号,思学园-博士楼
龙泉驿区大面青台山路333号合能四季映像二期,合能四季映像
金牛区金立路9号,西城首峻
双流区东升街道航港路609号,四季金悦
双流区中和镇新下街39号王府春天花园,王府春天花园
天府新区华阳街道锦江路四段188号,星月湾
龙泉驿区金枫路158号,融创天府逸家二期
天府新区中和街道化龙村1社、5社锦江帆影,锦江帆影
金堂县赵镇观岭大道1188号附1号,依云岭
双流区西航港街道临港路四段和贵·久居福,和贵·久居福
武侯区晋阳路269号,瑞泰锦城
天府新区华阳街道华府大道一段688号,圣沅·益州国际
新都区大丰街道方元路633号,兴想花园
崇州市羊马镇鹤兴路372号,西蜀御景
天府新区华阳南湖大道360号,佳兆业·君汇上品
金堂县三中园区万方街水城花园东区,水城花园东区
高新区新雅横街1号,庆安社区东区
龙泉驿区龙泉镇长柏路,星光小区
锦江区通源街588号,乐天圣苑
武侯区小天东街5号,丽景天成
青羊区清江中路53号,金沙春
金牛区营门口路188号,人和逸景
温江区柳城镇北街11号,静安大院
金堂县赵镇新龙路38号,好望角住宅小区
金堂县赵镇十里大道一段,泰吉农机大院
天府新区佳兆业君汇上品,佳兆业君汇上品
龙泉驿区十陵镇灵龙路213号东方家园,东方家园
金堂县赵镇金泉路1445号,家珍花园
青白江区红阳华金大道二段750号,杨柳花园
青白江区大同镇同仁路87号,怡馨花园
青白江区石家碾中路2、4号,幸福家园水云间
青白江区凤凰大道二期888号,凤凰1号
温江区凤凰北大街888号,西班牙森林二期
温江区涌泉江浦路888号,洲际银海湾
金堂县三星镇文达路333号,易山国际壹号街区
郫都区郫筒镇望东路109号,鹃城园四期
龙泉驿区同安街道办事处幸福路31号,阳光假日
都江堰市滨江街道办事处康兮路“枫尚领域”116号,枫尚领域
武侯区潮音路109号,中华锦绣一期
天府新区华阳街道利通路99号,出水芙蓉
龙泉驿区洛带镇子华北街93号家和桃源,金龙雅苑
金堂县赵镇北滨路下段2号,水城茗馨苑A区
武侯区福锦路一段622号,中铁骑士公馆
高新区老成仁路8号,育才竹岛
新都区大丰街道萃杰路99号,蓝光花满庭2期
龙泉驿区龙泉街办建材路462号,警苑
龙泉驿区同安镇希望路,鹏成居
成华区府青东街80号,协信中心
武侯区永盛东街3号,双楠名城
金牛区百寿路8号,银杏广场
龙泉驿区百合街道办事处龙工南路888号,劲力·蔚蓝花城A区
龙泉驿区龙都北路669号,玉龙山庄
青白江区大弯学苑路218号,瀚城新天地
新都区三河街道曲景西路99号,佳乐国际城二期
新津县五津镇瑞新街58号,锦尚太康
金牛区两河西四路55号,龙湖源著
龙泉驿区十陵镇204厂,华川社区A
金堂县赵镇迎宾大道一段99号,金海岸·天府花园水城
郫都区犀浦镇泰山北街421号伊萨贝拉,中铁伊萨贝拉
龙泉驿区龙泉街道办事处龙平路324号,新神风八座
彭州市天彭镇东湖北路118号,置信逸都丹郡C区
崇州市崇阳镇长城路658号,隆腾世纪朗域
青白江区政府北路159号,香草洲-北区
龙泉驿区简华桥东路66号,招商依云上城
郫都区犀浦镇龙吟路230号,合能四季城二期
青白江区大弯东路339号,紫苑小区
金牛区为民路1号,为民路1号院
成华区三友路137号,成大附中宿舍
金牛区二环路北三段199号,禾嘉利好
高新西区西芯大道1号,新希望皇冠国际
金牛区交通巷38号,碧园公寓
金牛区长河路18号,新桥逸景A区
双流区东升镇棠湖东路双华精装年,双华精装年
青羊区青羊大道99号,优品道二期
高新西区蓝岸路59号,橙郡二期
龙泉驿区龙泉街道南京路33号龙府花园,龙府花园
金堂县金沙南街39号,水韵金沙
金堂县赵镇成金大道661号,沱源小区
金牛区蜀华街2号,新和名座
金牛区蜀明东巷11号,加贝花园
金牛区圃园北路1号,锦西国际
龙泉驿区十陵灵龙路166号,灵龙路166号院
龙泉驿区同安街道阳光大道138号中粮·御嶺湾,中粮·御嶺湾
青羊区光华东一路75号,荣盛花语城
郫都区红光镇家园街98号,山木居
成华区和美东路177号,锦绣城五期
青白江区凤凰西六路28号,瀚城国际1期
武侯区高升桥路16号,四季花城
新津县花源镇丽景南路128号,龙湖·悠山郡二期
温江区江安路199号,千禧河畔A区
彭州市致和镇清洋大街99号,塞纳花园西区
新都区大丰街道詹家湾路2号,北新润苑
新都区三河街道海棠路119号,保利·198海棠花语
青羊区苏坡中路48号,中鹏花园C区
青羊区光华东二路98号,中铁西城西苑
新都区新都镇桑园街105号,西街社区
龙泉驿区龙泉街道办事处长柏路98号,星光小区
郫都区红光镇红佳东路8号名城左岸,正成·名城左岸
武侯区武侯大道顺江段77号,汇点吾悦广场
成华区民兴北二路66号,中国水电.美立方
金堂县赵镇新龙路4号金府苑,金府苑
龙泉驿区龙泉镇滨河南街22号金山商业街,金山商业街小区
青白江区华严镇杨柳路99号附1号,底商
金堂县赵镇观岭大道1188号,丁香墅二期
龙泉驿区龙泉街道办事处龙都南路756号,金色逸景
金堂县赵镇顺运街152号,三友小康苑
郫都区郫筒镇中信大道四段836号,上河苑
新津县花源镇紫云路1666号,廊桥水乡
新都区新繁镇繁江中路110号,上海中优国际广场
高新区芳草西一街1号,芳草西一街1号院
成华区新风路189号,世家东部时空
新都区大丰街道润丰路330号,花满庭二期
新都区大丰街道甫家一路东段689号,保利城一期
龙泉驿区天鹅西湖南路33号世茂城二期二区,世茂城二期
武侯区红牌楼北街6号,丽苑
成华区成华大道龙潭路3号,上东国际
郫都区郫筒镇东大街479号,398家属区
金堂县赵镇万吉巷25号,农行宿舍
龙泉驿区龙泉天生路192号,天生小区
天府新区华阳街道滨河路二段169号骑龙国际,戛纳湾?滨江
青羊区双顺路4号,双顺路4号院
高新区肖家河东三巷1号,肖家河东三巷1号
武侯区科院街6号,棕北
双流区西航港街道机场路土桥段58号,南丽湾
金牛区南熏巷28号,荷里活
郫都区德源镇西源大道4599号,西城鸥鹭湾
金堂县三星镇棕榈湖104号,棕榈湖
武侯区晋阳路218号,颐和雅居
郫都区郫筒镇蜀信东路19号,龙湖.弗莱明戈二期
青白江区同华大道199号,凯斯顿·华府
郫都区安靖镇御景路140号府河御景,府河御景
锦江区茶花街488号,鑫苑名家
高新西区尚雅路8号,万景峰东区
金堂县赵镇十里大道二段529号,竹乡苑
双流区东升街道金河路43号人居·都市阳光,人居·都市阳光
双流区西航港街道长江路三段13号,空港·小院花语
龙泉驿区歇凉关路888号,龙腾东麓城
成华区致顺路555号,青秀城
天府新区华阳街道华府大道一段996号光明城市,金茂光明城市二期
天府新区万安镇麓山大道二段19号附1号,成都雅居乐花园
龙泉驿区同安街办锦绣路178号阳冉名居,阳冉名居东方虹花苑
龙泉驿区龙泉街道驿都中路188号东方华美苑二期,东方华美苑
青白江区文汇路28号,天骄星城.翰林院
郫都区红光镇家园街99号,山木居
新都区大丰镇南丰大道373号,晨光小区
新都区大丰街道南丰大道东二巷18号,鲜花大院
温江区金桂花园,金桂花园
双流区西航港街道福通路99号,蓝润·棠湖春天
金牛区长庆东一路6号,香都美地
锦江区东四横街8号,合能东城攻略
成华区成华大道龙潭路1号,北湖龙郡
成华区和友路359号,舜和家园-B区
新都区大丰街道方元路55号,汇融生活广场
天府新区华阳街道天府大道南段8号兰桥尚舍,兰桥尚舍
金堂县赵镇滨江路一段83号,生态园
龙泉驿区龙泉街道长顺路36号丽阳雅筑,丽阳雅筑
青白江区学苑路456号,长河郡
锦江区锦华路三段309号,包江小区
武侯区桐梓林南路7号桐梓林欧城,桐梓林欧城
龙泉驿区大面车城西三路666号,保利紫薇花语
武侯区少陵横街5号,锦宏纳米爱邸
武侯区交大花园清水河小区南苑,交大花园南苑
青羊区培风路271号,清溪雅筑
彭州市朝阳南路629号<首城国际>,首城国际
崇州市崇阳镇长城路658号,龙腾世纪朗域
崇州市崇阳镇辰居路306号,恒昌格兰郡东南区
崇州市崇阳镇金带街396号,金带花园
龙泉驿区同安街道办事处锦绣路176号,金巴黎
龙泉驿区同安街办锦绣路178号阳冉名居,东方虹花苑
新都区三河街道海棠路119号,保利·公园198海棠花语
郫都区犀浦镇泰山北街421号,中铁伊萨贝拉
郫都区郫筒镇郫花路299号,花样年龙年国际中心
郫都区郫筒镇清江二街188号,碧林香堤
武侯区红运街8号,园中园西苑
金牛区交大路258号,蓝色空间
龙泉驿区同安街道锦绣路176号阳光商业世界,金巴黎
锦江区成龙大道一段9号,卓锦城2期
龙泉驿区经开区南一路2666号琥珀庭院一期,琥珀庭院
金牛区安蓉路139号,城市博客阳光里
天府新区华阳街道剑南大道南段1399号凯莱·丽景,凯莱·丽景雅筑
青白江区凤凰西五路28号,经典上城
成华区双成三路18号,华润二十四城二期
龙泉驿区大面街办龙城大道9号师大现代花园,董家湾北街11号
青白江区红阳同华大道1666号,凯莱丽景
青羊区清江中路12号,光华园
金堂县三星镇棕榈湖118号,泰祺.棕榈湖
新都区新繁镇东湖路208号,繁花似锦
温江区柳城街办人和路333号,泰基花溪谷
青羊区蜀风路177号,金沙鹭岛二期
新都区泰兴镇美泰路9号,成都一镇
新津县五津镇兴园5路33号,南鑫源
成华区驷马桥路23号,源峰.水畔经典
天府新区华阳街道华府大道一段599号,府河音乐花园
双流区西航港街道临港路一段33号瑞升明院,瑞升明院
天府新区华阳天府大道南段2716号,淽澜城
高新区剑南大道中段1533号,佳年华·时代晶座
武侯区武侯大道保利二期,保利花园二期
龙泉驿区龙泉街道静和街139号,霏红榭
高新区仁和街39号,新街社区南区
温江区天府街办海科路东段688号,置信国色天乡鹭湖宫5号社区
龙泉驿区龙泉镇龙柏路,静和街172号
青羊区泡桐树街16号,泡桐树街16号院
新津县五津镇儒林路515号,纯阳雅庭
武侯区武侯大道双楠段58号,武侯国际花园
龙泉驿区龙泉街道办事处滨河路103号,滨河路宿舍
新都区三河街道天河大道148号,流溪苑
青羊区东马道街16号,北斗星花园
金堂县淮口镇兴淮大道108号,金泉名苑
成华区宝耳路9号,居家福地
郫都区红光镇正兴街65号,红光苑
双流区西航港街道锦华路三段13号,水电五局宿舍
龙泉驿区龙泉镇星光小区,星光小区
双流区东升镇电视塔路二段69号,顺泰公寓
武侯区武兴一路10号武青家园,武青嘉苑
金堂县淮口镇淮白路230号,滨河花园
金堂县淮口镇兴淮大道55号,宝龙新城
龙泉驿区龙泉街道办事处龙都北路238号瑞临锦苑,瑞临锦苑
金堂县赵镇金沙街186号,华泰创新家园
高新区肖家河中街43号,枫华苑
温江区蓝光香境,蓝光香境
高新区石羊场路99号,保利·锦湖林语南区
天府新区华阳街道锦江路四段22号,阳光花园
崇州市崇阳街道石羊西街98号,唐安世家
武侯区晋阳路17号,金林俊景
彭州市天彭镇金华西路一段159号,朋城远界
高新区紫丁巷5号,金叶苑B区
成华区洪山南路99号,华宇·阳光水岸
武侯区董家湾北街11号,董家湾北街11号
金堂县三中园区万方街安置房,万方苑
新都区新都镇万和北路99号,旺府豪庭
金堂县淮口镇兴淮大道4号,碧水华庭
都江堰市青城山镇青城白鹭洲,青城白鹭洲
龙泉驿区龙泉街道办事处建材路228号香水城,香水城
龙泉驿区同安街道办事好处幸福路8号,阳光商业世界
龙泉驿区十陵镇江华路288号,汇鑫苑
新都区大丰镇三元大道新油乐园,新油乐园
龙泉驿区龙泉镇航天北路甲区,航天城-甲1区
锦江区静安路28号,学府芳邻
双流区公兴镇黄龙大道二段333号花样年·别样城,花样年别样城
双流区西航港街道长江路三段138号,学府嘉苑
温江区金马镇太极大道66号,东原城3期
新都区新繁镇正东街188号,书香府邸
双流区西航港街道锦华路三段30号,温哥华花园四期
崇州市崇阳镇上南街,乔台公寓
龙泉驿区龙泉镇航天市场,航天市场
金堂县生态水城,现代生态水城上岛2期
崇州市崇阳镇蜀州中路246号,九龙花园
郫都区犀浦镇国宇东路299号,蓝光幸福满庭
龙泉驿区柏合镇蔚蓝花城,劲力蓝色理想
新都区新都镇紫瑞街380号,新都新筑
双流区东升街道三强北路二段88号锦绣华都,锦绣华都
崇州市崇阳镇龙门中街40号,一品江山
青白江区红阳青江北路馨苑巷12号,广场馨苑
龙泉驿区同安街道办事处同安路43号事和苑,同安路43号院
高新区彩虹街2号,彩虹街2号院
金堂县赵镇桔园路58号,柑子苑
金堂县赵镇利民巷6号,利民巷6号
郫都区犀浦镇天目路186号,书香府邸二期
简阳市射洪坝街道办事处东溪大道329号,巴黎阳光
金堂县赵镇十里大道二段238号,金泉名都
新都区大丰街道华美东街132号,汇融·悉尼湾
龙泉驿区龙泉镇永安路169号,成都市龙泉驿区卫计局
武侯区一环路南四段10号,天乐嘉苑
金牛区金耀路158号,万科金域西岭
金堂县赵镇金园街139号金鹤苑,金鹤苑
武侯区武侯大道双楠段108号,怡安花园
青羊区瑞星路79号,东坡小区
金堂县赵镇汇龙路129号,三河.水城之星
龙泉驿区西河镇西河大道168号东方美宸,美宸东方
成华区建业路219号,龙湖三千城
龙泉驿区天生路205号,星光小区
天府新区华阳街道协和上街299号欣宇·都市港湾,欣宇都市港湾
高新区中和大道三段189号,御廷上郡
金堂县赵镇成金大道666号,水城师苑
彭州市致和镇西河东路555号,世纪华府
武侯区二环路西一段59号,双楠所有阳光
高新区肖家河街40号,怡安苑
成华区建设路56号,新东方
成华区八里桥路245号,馨碧苑
龙泉驿区柏合镇蔚蓝路2号蔚蓝花城,劲力蓝色理想
新都区新都镇外南街82号,南宁小区
高新区肖家河沿巷7号,肖家河沿巷7号院
天府新区华阳街道正北下街168号御景台,御景台
龙泉驿区龙泉街道星光东路400号格兰玺城,格兰玺城
成华区桃蹊路187号,东方丽景
武侯区少陵横街68号,少陵横街68号
天府新区华阳镇华新街华文园小区,华文苑小区
新津县五津镇瑞新街175号,景宏丽苑
新都区大丰街道暁初滨河路一巷222号,博雅新城E区
高新西区蓝岸街98号,橙郡一期
双流区东升街道藏卫南二段528号瑞丰花园,瑞丰花园
双流区公兴街道牧华路三段1111号,九龙仓时代上城
温江区金马镇中铁栖悦月映长滩,月映长滩·栖悦
龙泉驿区大面龙城大道666号,卓锦万黛
锦江区锦华路三段259号,前进厂宿舍
青羊区战旗东路7号,战旗东路7号
青羊区光华南路三路88号,万科金色领域
成华区荆竹坝东街333号,上行锦绣
金牛区泉水西路50号,天悦城
龙泉驿区龙泉街道龙都北路666号山水四季城,山水四季城
双流区西航港街道近都段46号,月都家园
双流区东升街道银河路四段100号,隆鑫十里画卷
金牛区兴科北路8号,正成拉斐
崇州市崇阳镇唐安西路549号,天府小区
蒲江县西来镇寿握路66号,临溪逸家
锦江区莲花西路6号,莲花新二区
新都区新繁镇锦溪路83号,世玺一期
天府新区万安镇万东路369号,心怡中丝园
金堂县赵镇观岭大道1188号,锦绣香江
高新区荟锦路33号,南城都汇四期
成华区双庆路26号,千居朝阳
武侯区顺和街1号,兴元丽园A区
温江区万春镇天乡路二段299号,置信·国色天乡鹭湖宫商业
青白江区文化巷29号,文化苑
成华区八里小区双建路60号,双建路60号院
高新区芳草东街89号,高新区芳草东街89号院
双流区公兴镇黄龙大道二段333号花样年·别样城,花样年·别样城
新都区斑竹园镇锦绣路126号,北欧知识城
金堂县赵镇金航厅2号,雅静园
崇州市崇阳镇西桥路332号,崇新苑
郫都区犀浦镇泰山北街92号,水榭花都
武侯区广福桥巷6号,巷上生活馆
龙泉驿区大面街道银河路118号恒大绿洲二期,恒大绿洲
龙泉驿区驿都大道中路188号东方华美苑二期,东方华美苑二期
锦江区水杉街166号,蓝谷地五期
龙泉驿区龙泉建材路271号,智光小区
温江区江安路518号,佳年华新生活
青羊区成飞大道南段238号,蓝光sofa社区
新都区新繁镇锦溪路8号,新城豪庭
青羊区光华东五路255号,保利香槟光华
天府新区华阳绿野路三段508号,南湖左岸
天府新区华阳街道华新下街142号,华新下街142号院
金堂县三中园区十里大道现代雅典园,雅典园
金堂县赵镇金鹏路69号,金阳水景
郫都区红光镇红佳东路8号,正成·名城左岸北区
龙泉驿区大面街办龙城大道9号师大现代花园二期,师大现代花园二期
龙泉驿区柏合镇华信大道168号东山国际新城H2区,东山国际新城H2区
高新区天润路777号,中房学府海棠
金堂县淮口镇东升路90号,洲城花园1期
简阳市江水湾,江水湾
温江区柳城镇万春路380号德坤·竹韵坊,德坤.竹韵坊
龙泉驿区龙泉镇滨河路梅园,滨河花园
锦江区华润路36号,翡翠城五期
成华区万兴街16号,正成沙河明珠
成华区万年场下街120号,万年场下街120号
武侯区红牌楼北街30号,红牌楼北街30号
高新区天府大道南段1169号,棕榈南岸
双流区东升街道银河路四段188号,合能珍宝翡翠
青羊区清水滨河路104号,米兰香洲
金牛区长兰路1号,蓝色空间如意符
高新区濯锦路9号,长城·半岛城邦三期
龙泉驿区龙泉镇航天北路甲生活区,航天甲区
金牛区星汉路4号附13号,九里苑商住
新都区大丰镇花都大道783号,丰和日丽
温江区万春镇江南路1688号,蓝光四叶城
锦江区汇源东路99号,仁恒滨河湾2期
新都区大丰镇三元大道,鑫汇丰家园B区
新都区香城大道马超东路段555号,东骏湖景湾
龙泉驿区大面银河路188号,银河花园
武侯区火车南站东路10号,三度空间
简阳市射洪坝街道办事处鳌山路109号,香山和苑
龙泉驿区同安街道锦绣路一段14号圣景苑,圣景苑
崇州市崇阳镇西苑路30号,恒宇西苑
新都区新繁镇繁江中路70号,金桂苑小区
新都区新繁镇滨江西路200号,外滩1号
天府新区华阳街道骑龙村6、7、13社阳光华苑,阳光华苑
双流区西航港街道寺圣二路48号,棠湖春天v客
新津县花源镇丽景南路428号,龙湖·悠山郡一期
高新区中和会龙路59号,盛世名居
金堂县水城师苑,水城师苑
金堂县赵镇金广路189号,亲水映像
青羊区黄田坝经二路110号,成飞512小区
金堂县赵镇观领大道1188号,依云岭
金牛区营康西路80号,营康西路80号院
崇州市崇阳镇文井街368号,蜀江瑞园
龙泉驿区龙泉明江北路15号,航天城-甲2区
高新区成汉南路366号,中海·城南华府
崇州市崇阳镇唐安东路188号,唐安银座
双流区东升金河路43号人居都市阳光,人居·都市阳光
金堂县赵镇金龙路21号,粮食局车队宿舍
龙泉驿区龙泉镇星光大道062生活区,绿影苑
龙泉驿区龙泉镇商业街西龙公寓,西龙公寓
龙泉驿区同安镇幸福镇幸福大道5号阳光商业世界,阳光商业世界
武侯区兆景路139号,双楠尚品广场·满园春
天府新区华阳天府大道南段2389号,成都玩家
新都区三河街道天海路123号,天府江南
金堂县赵镇观岭大道1188号,观岭国际社区
成华区长融东二路60号,东方惠城
高新区梓州大道4111号,领馆国际城
青白江区红阳华逸路49号,映泉美居
锦江区静明路488号,东城印象
郫都区安德镇安平西路119号,富轩豪景
温江区银海湾,洲际银海湾
温江区西班牙二期,西班牙森林二期
龙泉驿区静和街139号,霏红榭-2期
武侯区太平园东三街16号,双楠忆景
金堂县三中园区万方街现代花园小区,现代花园小区
双流区东升街道三强西路29号,王府花园二期
龙泉驿区龙泉街道1188号中铁新城,果壳里的城
青羊区四威南路1号, 华明居
龙泉驿区龙泉镇航天城天生小区,天生小区
温江区温泉大道二段177号洲际春天广场,洲际春天广场
天府新区华阳街道协和上街169号成南锦绣,成南锦秀
新都区三河街道驿站环路180号,保利·拉斐庄园一期
龙泉驿区龙泉创业南街4号,创业南街4号院
锦江区书院西街50号,书院西街50号
锦江区牛沙路11号,天地云庭
温江区五福路69号宁和苑,宁和苑
双流区西航港街道长江路三段15号欣瑞和·成都早晨,欣瑞和·成都早晨
成华区一环路东三段64号,锦泰公寓
龙泉驿区同安街道办事处同德71号,龙锦花苑
天府新区华府大道一段518号蜀郡又一城,蜀郡
武侯区果堰路1号,金辉枫尚
青羊区金阳路152号,金沙云庭
天府新区华阳街道天府大道南段866号,鸿阁新座
龙泉驿区龙泉镇天茂路39号,驿都锦绣
双流区东升街道正通路566号,金座威尼谷
新都区新都街道励志路一段68号,桂湖名城
金堂县淮口镇文化街465号,三阳锦城
郫都区犀浦镇兴业街西区花园晨之曦,西区花园晨之曦
武侯区郭家桥北街5号,竹林公寓
彭州市天彭镇体育场西街,商业
双流区东升街道白衣下街28号,祥瑞苑
青羊区太升南路288号,锦天国际
新津县花源镇紫云路1666号,金科廊桥水乡
双流区胜利镇长兴路168号,半山卫城
高新区高新区中胜路66号,楠香山
金牛区同和路39号,益民苑
金堂县赵镇金山路1号,金山郡
龙泉驿区龙泉街道办事处龙泉天生路205号,星光小区
武侯区高升桥南街8号,罗浮世家
武侯区九如村33号附16号,九茹村底商
龙泉驿区经开南一路2800号,金科东方雅郡
郫都区犀浦镇珠江东街90号,上海花园
双流区公兴镇黄龙大道二段333号,花样年别样城
双流区西航港开发区机场路常乐二段12号,温哥华花园
青羊区中鹏路33号,中鹏花园B区
金堂县淮口镇东门滩路83号,滨河花园
龙泉驿区北泉路1018号,皇冠国际社区
金牛区花圃路1号,北极星花园
金牛区王贾路18号,三九.绿城
高新区泰和二街333号,中海翠屏湾
龙泉驿区同安街办阳光大道15号林溪美城,林溪美城
青羊区金福南路55号,东立清水河畔
龙泉驿区阳光城优诗美地,优诗美地
双流区协和街道剑南大道南段712号,华宜上锦
温江区金马镇太极大道66号,东原城
龙泉驿区龙泉镇商业街陶然村10号楼,陶然村一区
金堂县赵镇汇龙路31号,紫霞苑
郫都区犀浦镇恒山北街99号尚林家园,尚林家园
武侯区金雁路116号50栋,名流花园
新津县五津镇公园路1号,玉树新村
天府新区万安镇麓山大道二段16号附6号,塞尔维蒙
新都区新民镇福新街21号,禾登新城
武侯区永盛南街10号,名人风景
新津县花源镇花源大道288号,万辰柳庄
龙泉驿区龙泉街道办事处航天南路83号,国一剑桥丽景
锦江区东大街芷泉段88号,时代豪庭西区
成华区御风二路9号,信和御龙山
双流区公兴镇黄龙大道二段333号,花样年·别样城
双流区西航港街道临港路四段9号,和贵久居福
新都区新都街道新泰西路一巷88号,桂林苑
双流区东升街道航都大街二段868号,华腾·舒云居
天府新区华阳利通路99号,出水芙蓉
龙泉驿区大面街道洪玉路137号天地晨光丽景,天地·晨光丽景
天府新区华阳街道广都上街138号,南阳盛世
金堂县赵镇十里坝滨江路4号,滨江苑
高新区新光路60号,紫薇社区
武侯区武青南路10号,华都星公馆一期
武侯区核桃堰路51号,红城
新都区斑竹园镇兴贸路399号,同泰千叶郡
青羊区清溪东路2号,清溪东路2号
双流区西航港街道长城路二段228号锦丽园3期,锦丽园3期
双流区西航港街道黄河中路二段36号,蓝光圣菲town城
双流区胜利镇云岭路19号中航云岭高尔夫邻里,中航云岭高尔夫
武侯区龙祥路1号,美丽星
双流区西航港街道锦华路三段9号王府锦苑,王府锦苑
都江堰市青城桥工业区青城路都市·美丽洲,都市·美丽洲
温江区天府街办海科路东段688号,西财学府憬城
新都区新繁镇金地路11号,东湖名居
武侯区金履三路8号,中海锦城一期
金堂县赵镇金堂大道761号,商业
金堂县迎宾大道一段99号金海岸,金海岸·天府花园水城
龙泉驿区龙泉街道龙都南路618号文豪世苑,文豪世苑
新都区斑竹园镇中利路169号,北欧知识城-3G创智广场
崇州市崇阳镇石羊西街28号,东湖印象
新都区新都镇蓉都大道北段168号附5号,合景格林春天
金牛区二环路西三段35号,银珠大厦
都江堰市永安大道北一段395号,如逸人家岷江枇杷园
都江堰市蒲阳镇双林路高桥小区,高桥绿地
金牛区九里堤中路219号,欧波罗
郫都区红光镇港通北一路333号,中铁西郡英华二期
金堂县三中园区万方街333号,水城翠岚小区
青羊区清涟路18号,蓝光COCO金沙三期
金堂县三中园区万方街水城花园,万方街269号院
金牛区蜀西环街66号,青房.天韵华庭
金牛区韦家碾一路2号,绿地世纪城
成华区锦绣大道4599号,香榭兰庭
温江区江平路1111号,水韵华府
郫都区犀浦镇校园路东段99号,锦世溪地湾
郫都区犀浦镇校园路55号交大·卡布里城,交大·卡布里城
武侯区晋阳巷2号,会所花园
新都区新都镇育英路181号,御城
金堂县赵镇金鹏路69号,金阳美景二期
青羊区培风东街200号,培风小区东区
龙泉驿区龙泉芦溪路95号东山国际新城,东山国际新城E区
金牛区蜀汉路289号,锦城苑明园
崇州市崇阳镇永安中路19号,上爵公馆
新都区新都镇学院路东段289号,新都中铁十三局住宅小区
新都区三河街道天海路118号,天府江南月桂坊
金堂县赵镇朝阳街555号,泰康博观
双流区东升街道北上街253号,佳兆业8号
武侯区高升桥东路22号,路桥宿舍
崇州市崇阳镇滨江北一段190号,观澜云座
双流区西航港开发区近都村,化工院
新都区大丰街道蓉北路三段9号,红湖公园城
高新区中和大道三段281号,香榭国际
青羊区罗家碾街31号附23号,罗家碾街商业
郫都区犀浦镇恒山大道佳苑小区,佳苑小区
新都区新繁镇小南街110号,小南街110号
青羊区北东街1号,时代印象
温江区同兴东路88号,佳兆业丽晶港
新都区大丰街道花都大道438号,北部桂庭
新都区大丰街道南丰大道494号,丰瑞玺悦城
天府新区华阳街道龙灯山路一段299号心怡·德盛苑,心怡·德盛苑
天府新区华阳南湖北路121号,南湖世纪
锦江区莲花北路6号,莲花新区
双流区西航港街道锦华路一段59号康桥品上,康桥·品上
龙泉驿区西河镇南街149号西江花园,东阳豪庭
双流区西航港街道黄河中路二段36号圣菲TOWN城,蓝光圣菲town城
武侯区九康六路299号,蓝光金双楠
武侯区聚萃街366号,置信丽都花园城C区
郫都区红光镇银润南一路66号华润·橡树湾,华润橡树湾A区
金牛区营门口乡红色村二组,德意馨苑
高新区天府大道中段188号,时代.晶科名苑
锦江区宏济新路485号,龙湖晶蓝半岛B区
青白江区大湾凤凰大道三段8号,誉府仕家
龙泉驿区龙泉街道办事处龙都北路669号,玉龙山庄
双流区胜利镇月牙村五社,牧马山易城
双流区东升街道商都路619号,景茂名都东郡
天府新区华阳街道下河坝街世发家园,世发家园
双流区西航港街道长江路二段14号宏昌佳苑,宏昌佳苑
新都区新都镇新泰西路306号,香界
青白江区弥牟镇八阵大道77号,俊翔商业楼
武侯区晋阳街道中央花园三期,中央花园二期
金堂县赵镇金川路19号,金融中心
双流区西航港街道黄河南路三段69号上福佳苑,上福佳苑
武侯区双楠所有阳光,双楠所有阳光
青羊区西马道街66号,文殊芳院
崇州市崇阳镇辰居路37号,银杏苑
天府新区华阳海昌路68号,宏达·世纪锦城
成华区双店西五路26号,成华奥园广场
青羊区包家巷126-127号 ,包家巷126号
金堂县淮口镇东升路90号,洲城花园
崇州市崇阳镇北大街165号,佳美苑
龙泉驿区西河镇龙祥商业街88号,天赋龙庭
龙泉驿区龙泉航天北路,航天乙区
青白江区凤祥路1号,都市兰亭
金牛区五福桥东路9号,龙湖北城天街
郫都区郫筒镇成灌西路170号,简约生活
青白江区凤凰西六路28号,瀚城国际二期
郫都区郫筒镇东大街102号,人民医院家属院
天府新区华阳镇正东中街66号,南阳锦城一期
金堂县赵镇金堂大道661号,沱源小区
龙泉驿区龙泉镇星光东路3号,星河名居
温江区海科路东段519号,水韵尚城
青羊区金沙遗址路88号,西贵金沙
武侯区新希望路12号,锦官新城东区
郫都区郫筒镇一环路东南段东顺巷12号,东顺巷12号
温江区柳城镇万春路380号德坤·竹韵坊,德坤·竹韵坊
新都区大丰街道永和路48号,华丰园二期
温江区天府街办海科路东段688号,西财·学府憬城
龙泉驿区经开南二路2800号,金科东方雅郡
龙泉驿区大面街办驿都西路3666号,炜岸城
金堂县赵镇观岭大道1188号,蓝光锦绣香江
龙泉驿区龙泉永溪街88号,长柏路社区居委会第三小区
武侯区通祠路39号,一江城花
锦江区牡丹街879号,融创四海逸家
武侯区桐梓林中路8号 10-11号,梓桐苑
金堂县赵镇观音巷44号,惠馨苑A区
金堂县赵镇沙河街39号,明珠公寓
双流区胜利镇牧山大道二段12号牧马山·易城,牧马山·易城
温江区凤溪大道南段2033号,恒大新城
天府新区华阳街道华阳大道二段135号,油建新区
新都区泰兴镇安全路38号,泰兴里
金堂县赵镇滨江路一段173号,临江苑
新都区大丰镇南丰大道449号,碧水锦楼
高新区中和街道朝阳路161号,教师公寓
温江区凤凰大街666号,蓝光香境
高新区中和府滨北路52号,怡丰花园
金牛区小沙河东路40号,小沙河东路40号
双流区东升街道涧槽中街38号棠湖·泊林镇,棠湖·泊林镇
龙泉驿区龙泉万源路299号,航天丁区
崇州市崇阳镇金带街（金带公寓）396号,金带花园
崇州市崇阳镇滨江路南一段1号,城市·高度
新都区大丰街道大天路1689号,凤凰山1号
金牛区观音阁后街1号,冶金苑
成华区龙树路3号,隆兴广场
金堂县赵镇观岭大道1188号,观岭花胡
天府新区华阳街道正东中街3号,双兴名邸四季春天
金堂县赵镇江北街43号,永利小区
锦江区劼人路318号,川附苑
龙泉驿区龙泉街道星光东路2号,商业
金牛区肖三南巷78号,金牛万达
新都区大丰街道三元大道288号附1号,亲河名居
金牛区长久一巷19号,龚星月
新都区新都镇蜀龙大道南段800号,三合嘉苑
新都区新都镇圣谕亭巷100号,圣谕亭巷100号
武侯区金花镇金凤街5号,锦上南庭
成华区羊子山西路88号,兴元华盛3期
锦江区琉璃路718号,华润翡翠城三期
新津县五津镇复兴巷2号,新世纪公寓二区
龙泉驿区十陵灵龙路564号,宁江社区
金堂县赵镇观岭大道1188号,观岭国际社区丁香墅
彭州市天彭镇朝阳北路116号,财信上河新界
崇州市崇阳镇滨江路北一段278号,金波揽月
青羊区狮马路98号,太升大厦
温江区柳城杨柳西路北段128号,绿杨涧
天府新区华阳街道海昌路99号,新鸿基悦城
金堂县三中园区康宁街288号,警官公寓
金堂县淮口镇公园路59号,公园路59号院
大邑县晋原镇通达东路五段66号,邑新花园
新都区大丰永和路48号,华丰园二期
成华区猛追湾横街188号,世茂·玉锦湾
温江区温泉大道二段177号,洲际春天广场
温江区温泉大道三段399号,花样年·华样城
彭州市天彭镇金彭东路88号,航利星海湾
金牛区蜀西环街59号,青房.尚瑞天韵
天府新区华阳华府大道一段996号,金茂光明城市二期
金牛区抚琴街南四巷,抚琴街四巷1号院
龙泉驿区龙泉镇商业街陶然村,陶然村一区
龙泉驿区龙泉镇龙都南路七化建,七化建宿舍
龙泉驿区大面街办龙城大道9号,师大现代花园
武侯区红运街2号,玉门石油管理局成都退休基地
龙泉驿区龙泉街道办事处龙都北路怡合花苑239号,怡合花苑
温江区公平鸡鸣路588号,光华春天
成华区双桥子,华润二十四城1期
金堂县赵镇韩滩路28号,韩滩名苑
都江堰市幸福镇龙潭沟都市·美丽洲一期,都市·美丽洲
崇州市崇阳镇永康西路398号,九龙天瑞生活广场
双流区中和街道新下街191号附1号三和南锦,三和南锦
温江区万春镇春江南路1688号,蓝光四叶城
武侯区簇桥三婆殿,簇锦南路172号院
新都区新繁滨江东路285号,锦绣水岸
锦江区翠柳湾支路199号,凯丽香江
锦江区东光小区东光街5号,东光街5号
新都区大丰街道铁石板街56号,丰怡阳光
龙泉驿区驿都中路6号龙泉天立广场,龙泉·天立广场
龙泉驿区十陵兴业街55号,银星苑
高新区天和东街29号,人居锦尚天华
新都区大丰街道暁初滨河路路一巷60号,博雅新城C区
崇州市崇阳镇滨河路南一段167号,琴鹤花园
龙泉驿区十陵和平路336号,华川社区
龙泉驿区龙泉镇中街99号,房管所宿舍
成华区二环路东一段新14号,怡福巷80号院
金牛区外光荣小区银沙横街8号, 荣鑫苑
金堂县三中园区滨江路生态园,生态园
金牛区金府路777号,五金机电城
高新区科华南路316号,礼顿山1号
成华区站北东街3号,站北一组小区
天府新区华阳街道张家巷子51号,张家巷51号院
武侯区金雁路181号,交大花园
彭州市天彭镇牡丹北路77号,商业
龙泉驿区柏合镇蔚蓝路2号蔚蓝花城,曾美丽、肖阳
新都区新都镇毗河东路6号,万科双水岸
新都区新都镇蜀龙大道中段619号,英伦世家
武侯区高攀东路33号,魏玛圈子
新都区新都镇新都大道北一段168号附4号,名品佳7080
龙泉驿区龙泉驿都中路253号,龙泉驿都中路253号院
双流区西航港街道临港路四段9号和贵久居福,和贵·久居福
青白江区凤凰西六路28号,瀚城国际一期
温江区万安镇麓山大道二段20号附38号麓山国际社区,麓山国际香怡林
武侯区洗面桥横街37号,洗面桥横街37号院
新都区新都镇兴乐南路1号,和信·水沐天城
金牛区金沙路88号,懋园国际商住城
金牛区抚琴街北一巷,抚琴街北一巷小区
金堂县赵镇观岭大道1188号,丁香墅
金堂县赵镇泰吉街34号,金财苑
青羊区斜阳路7号,斜阳路7号
新都区大丰街道蓉北路三段223号附7号,天晨花溪碧
崇州市崇阳镇蜀州南路61号,蜀南东区
温江区柳城镇来凤路158号附0号, 涤纶厂区宿舍
青羊区一环路西一段155号,四川省社会科学院
龙泉驿区洛带镇子华北街231号锦苑,锦苑
新都区大丰镇南丰大道6号,南丰紫金
高新区交子大道199号,城南一号
高新区天府大道中段666号,希顿国际广场
金堂县赵镇十里大道一段646号,罗马花园
金牛区九里堤南路78号,北丽苑
新都区新繁镇外西街176号,新繁·峰瑞新天地
金牛区茶店子育苗路14号,育苗路14号
新都区大丰街道方元路63号,兴想花园
新都区新都镇东环路四巷159号,东环路四巷233号院
郫都区犀浦镇福梓路221号,合能四季城一期
双流区胜利镇云岭路2号萨尔茨堡,萨尔茨堡
锦江区青年路8号,九龙广场
青羊区太升北路56号,江信大厦
双流区万安镇麓山大道二段19号附4号,雅居乐花园香草山
双流区西航港街道大件路白家段280号,蓝光空港国际城
金堂县淮口镇东门滩路209号,滨河花园
金堂县淮口镇兴淮大道223号,银河春天B区
金牛区西安北路16号,锦芙蓉
郫都区郫筒镇一环路东北段215号鹃城帝景,鹃城帝景
崇州市崇阳镇文井街122号,文井欣苑
简阳市简城镇凯力威工业大道北段58号,凯里威锦绣阳光
新津县公兴镇黄龙大道二段333号花样年·别样城,花样年·别样城
金堂县淮口镇文化街392号,淮口教师公寓
金堂县赵镇中兴寺安置小区,中心寺小区
武侯区武侯大道双楠段60号,金色花园
成华区洪山南路99号,华宇阳光水岸 
郫都区郫筒镇望丛西路261号桃园3期·沁园春,桃园柳岸
成华区二环路东三段119号,二环路东三段119号院
青白江区文汇路28号,康居·翰林院
龙泉驿区龙泉镇星光大道062生活区,航天南四区
锦江区大观里10号,大观里10号
郫都区郫筒镇望丛中路669号枫林秀色,枫林秀色
青羊区培华路399号,易诚国际
青羊区金泽路118号,雍锦湾
双流区东升街道商都路619号,景茂名都东郡A
崇州市崇阳镇怡然街118号,天佑广宇
崇州市街子镇唐公社区街安路12 13 14号,蜀山栖镇
崇州市崇阳镇唐安路延伸段A,阳光新居
金堂县赵镇十里大道一段339号,情真园
简阳市石桥镇东滨路中段412号,碧水云居
新都区新繁镇天星街62号,东湖名居
金堂县赵镇十里大道一段234号,农机大院
金堂县赵镇十里大道一段677号,新城市花园
高新区华阳街道龙灯山路一段281号鸿阁一号,晋元·鸿阁一号
双流区东升街道航港路609号,金恒德·四季金悦
金牛区抚林巷5号,金牛区抚林巷5号院
新都区新都镇金光路1号,金宇小区
武侯区红运街9号,圆中圆东苑
龙泉驿区龙泉佳美路289号格调城,格调城
简阳市简城镇公园后街17号,海上花园
青白江区大弯华金大道二段126号,青白江区运输贸易公司宿舍
新都区大丰镇三元大道,塔西南油田小区
天府新区华阳剑南大道南段669号,欧香小镇
温江区柳城花都大道西段555号七彩花都二期,七彩花都
高新区双柏路6号,恒大帝景
双流区西航港开发区长江路三段6号,学府嘉苑
锦江区华润路36号,翡翠城5期
龙泉驿区同安街道办阳光大道15号,林溪美城
武侯区永盛北街1号,双楠名城-西区
新都区三河街道厚诚路8号,海峡茶城
金牛区二环路北一段153号,二环路北一段-153号院
金堂县赵镇江城路82号,聚鑫园
龙泉驿区龙泉燃灯寺南路538号观澜东山,观澜东山
武侯区武侯大道铁佛段1号,优博国际
金牛区抚琴西南街45号,抚琴南四巷1号院
青白江区大弯新河路177号,幸福家园碧云天
郫都区红光镇银丰街1号,银丰园
双流区西航港开发区长城路二段308号,文星生活广场
崇州市大划镇划石村18组Y1号,自建房
高新西区天目路77号,保利香槟国际
崇州市崇阳镇滨江路北一段188号, 愿景水涟漪华府
金牛区二环路北一段,加州印象
龙泉驿区龙泉龙都北路533号,天悦国际
双流区胜利镇云岭路39号中航·云岭高尔夫别墅,中航·云岭高尔夫别墅
高新区大源北二街48号,双祥社区48号院
温江区公平街办同兴东路398号美茵河谷,美茵河谷
崇州市崇阳镇滨江北一段188号,愿景水涟漪华府
双流区西航港街道长城路二段499号金色校园广场,金色校园广场
龙泉驿区同安镇上平村七组,阳光桃园小区
双流区西航港街道长城路二段306号,文星生活广场
郫都区犀浦镇校园路381号锦苑三期,锦苑三期
金牛区青羊小区东一路,青羊小区
武侯区百花正街65号,百花福园
武侯区金履三路55号,中海锦城二期
新都区石板滩镇蜀新街29号丽都半岛,丽都半岛
大邑县晋原镇围城南路西段169号,丽都花城
武侯区沙堰街1号,晋源彩庭·博派
青羊区东门街95号,东门街95号
龙泉驿区大面街道办事处银河路179号银河花园,银河花园
金堂县滨江路一段486号,滨江苑
金堂县三中园区康宁街59号,健康小区
金堂县三中园区十里大道现代雅馨园,雅馨园
双流区东升街道广都大道189号,大成天府景秀
武侯区金江路111号,合力达·新锐
新都区新都镇育英路561号,川音嘉苑
高新区顺锦路272号,锦江畔
龙泉驿区龙泉镇建设路125号,林业局宿舍
武侯区置信北街1号,双楠谊苑1期
新都区大丰街道方营路269号,方营小区
崇州市崇阳镇文化西街,阳光家园
高新区南华路1033号,建发·翡翠鹭洲
高新区肖家河街40号,肖家河街40号院
崇州市崇阳镇西苑路36号,愿景水涟漪瑞府
成华区文德路50号,上行东方
龙泉驿区西河镇龙祥商业街88号天赋龙庭,天赋龙庭
新都区大丰街道花都大道760号,北庭春天
郫都区郫筒镇望丛西路261号,桃园柳岸
简阳市石桥镇东滨路南段46号,京龙.江水湾
简阳市地下城堡,地下城堡
金堂县三星镇兴业路558号,鹭洲城邦
高新区兴蓉南二巷5号,兴蓉南二巷5号院
温江区柳城燎原路228号,珠江御景湾
成华区东风路18号,西南电力设计院
天府新区华阳街道华府大道一段1175号,阳光华苑
金堂县赵镇郊山路100号,县医院宿舍
双流区东升街道龙桥路6号,宗申赛拉维
金堂县赵镇滨江路85号,金水苑
大邑县晋原镇鹤翔大道256号,鹤翔苑
崇州市崇阳镇世纪大道1258号,龙腾家居建材城
青白江区嘉裕街18号,红阳花园
双流区西航港街道机场路近都段6号,成都欧洲印象
双流区西航港街道川大路二段1号,融创·长滩1号
武侯区晋阳巷2号1区,会所·花园
新都区新都镇外南街221号,南苑小区
温江区柳城南熏大道三段855号,金强大学城
温江区柳城街办柳林路158号,金色鱼凫
双流区东升街道银河路四段138号,贵通御苑映月湾
简阳市简城镇圣德路1号,金域华庭
青白江区大弯镇新河路8号,中铁二局小区
青白江区华金大道三段85号,华金大道三段85号院
龙泉驿区龙泉天星路10号,航天南区
新都区大丰街道办大天路1689号,凤凰山1号
武侯区二环路西一段104号,四川文化公寓
郫都区友爱镇平安路65号蜀风庭院,蜀风庭院
崇州市崇阳镇石羊西街98号,唐安世家
金堂县赵镇山王庙街72号,普利新居
双流区西航港街道临港路三段33号,瑞升明院
天府新区华阳街道华府大道一段996号,金茂光明城市二期
新都区自富路296号,刘静
武侯区罗浮世家,罗浮世家二期”
高新区盛邦街366号,天合凯旋南城
金牛区西安南路124号,西安南路124号院
武侯区一环路南四段17号,高升瑞景
武侯区二环路南三段1号,祥福苑
新都区新都镇电子路145号,成都红光电工公司生活区
金牛区李家沱树蓓街42红啊,树蓓巷42号院
青羊区蜀清路239号,鸿运之星
青白江区同华大道199号,凯斯顿.华府
高新区天府大道南段1399号,时代天城
天府新区华阳镇利通路1号,利通出水芙蓉
金牛区文家东巷17号,文家东巷17号院
双流区东升街道成双大道南段1693号,新龙干休所
金牛区交桂二巷1号,交桂二巷一号院
崇州市崇阳镇金带街417号,金带花园
金堂县淮口镇兴淮大道333号,银河春天A区
龙泉驿区同安街办锦绣路178号阳冉名居,阳冉名居
成华区建设路71号,八二宿舍1区
青白江区凤祥大道1266号,蝴蝶洲1期
武侯区武科东四路1号,榕苑
金堂县赵镇文化街47号,安康小区
温江区涌泉街办五福路69号花土小区C区宁和苑,宁和苑
温江区政通东路69号,天来国际广场
武侯区董家湾北街8号,拉萨市成都安居苑
高新区南三环路五段188号,温哥华水城
简阳市射洪坝街道办事处东滨路中段466号,喜悦美湖
新都区大丰镇三元大道大庆苑,亲河名居A区
双流区白家镇锦华路三段13号,水电五局常乐小区
新都区三河街道叠秀路208号,蝴蝶谷东区
金牛区抚琴西南街45号,抚琴西街45号院
青白江区大弯镇安居路142号,青江华庭A区
双流区东升街道藏卫路北三段12号,双流区交通局
高新区中和上街38 40号,商业
双流区东升街道航林路396号,国奥村
崇州市崇阳镇蜀州中路246号,金兴名苑
崇州市崇阳镇蜀南街108号,金丰·翰林院
新都区大丰镇三元大道,克拉玛依小区
青白江区大弯镇菁华路39号,永兴花园
青白江区新河路177号碧云天,幸福家园碧云天
郫都区蜀信东路19号,龙湖.弗莱明戈二期
崇州市崇阳石羊西街99号,唐安世家
郫都区安靖镇东风路69号,澜溪郡
锦江区喜树街618号,锦江·城市花园三期
金堂县赵镇十里大道一段713号,法院宿舍
金堂县赵镇金鹰路385号, 水城栖谷
金牛区两河西三路55号,龙湖.源著
新都区新都香城大道电子路段205号,庆光小区
崇州市崇阳街道蜀州南路西一巷65号,中华苑
金牛区蜀西南二路66号,高家庄赞城
高新西区顺源环街388号,顺源环街388号院
郫都区友爱镇平安路65号,蜀风庭院
新都区三河街道滨园路139号,香城河畔
彭州市天彭镇红照壁南街74号,红照壁南街74号
武侯区玉华村10号,凯蒂阳光
温江区涌泉江浦路288号,洲际亚洲湾
武侯区磨子街3号,磨子街3号
成华区建材路8号,阳光100米娅中心
龙泉驿区龙泉镇公园路旭光厂,旭光厂
新都区新都镇兴城大道777号,富力桃园
新都区大丰街道大成路北段333号,北新润苑二期 
锦江区冻青树街35号,冻青树街35号
崇州市崇阳镇晋康路254-260号,时代爵岭
崇州市金带花园,金带花园
成华区站北中街83号,现代金山苑
新都区新都北新路374号,水泥厂生活区
高新区新雅街4号,新雅街4号院
温江区公平江安路739号,千禧河畔
崇州市崇阳镇永康西路398号,九龙天瑞
都江堰市蒲阳镇壹街区“上善小区·香樟园”,香樟园
郫都区红光镇广场路北二段101号,晶宝维吉尼亚
武侯区二环路西一段96号,楠宝石
郫都区郫筒镇望丛西路261号桃源3期,桃源3期
金牛区抚琴西路55号,抚琴西路55号院
温江区花季街8号,尚西花郡
郫都区犀浦镇泰山北街58号,天益佳苑
青羊区罗家碾街65号,罗家碾街65号院
温江区公平鸡鸣路588号,蓝润·光华春天
郫都区红光镇思源路81号,公园1号
青白江区大弯凤凰西六路28号,瀚城国际
温江区万春镇春风路333号,英郦庄园
龙泉驿区洛带镇双槐村,金龙雅苑
锦江区汇泉南路333号,凌云峰阁
新都区新都镇西街31号,西街31号
金牛区朗润路2号,泉水人家2期-B区
新都区新都镇清源路514号,锦绣庭院
崇州市三江镇东篱路2号,昙云雅居
天府新区华阳街道天府大道南段2917号,复地·御香山
崇州市崇阳街道西河大道东段168号, 泰江兰庭
温江区涌泉街办花土路336号,安和苑
金堂县三中园区滨江路临江苑二期,临江苑
青羊区青华北二街41号,光华公屋
邛崃市临邛镇市府街22号,海宁现代城
武侯区金履路300号,金城丽舍
郫都区犀浦镇国宁东路419号,公园榕郡
郫都区犀浦镇福梓路228号,合能四季城三期
双流区西航港街道临港路三段8号,翰林上岛
郫都区红光镇犀团路1701号,晶宝塞纳国际
崇州市崇阳镇永康西路580号附 号,琴鹤南滨
金牛区茶店子育苗路14号,育苗路社区
崇州市羊马镇嘉裕大道一段129号,嘉裕第六洲
金堂县赵镇成金大道431号,沱源3期
崇州市崇阳镇毛桥巷27号,国土局家属院
双流区西航港川大路二段1号,长滩壹号
成华区双建路300号,明苑
成华区沙板桥路52号,海棠名居
青羊区罗家碾街37号,罗家碾街37号
新津县五津镇海林一巷54号,多层老房子
天府新区华阳街道麓山大道一段289号,香山半岛
崇州市崇阳镇桑林街124号,工商局宿舍
金堂县赵镇金泉路1446号,杨柳桥小区二期
青白江区红阳杨柳路99号,荣生园
龙泉驿区同安街办圣景路,优诗美地
双流区西航港街道锦华路三段13号,水电五局成都基地常乐小区
金堂县赵镇玉龙街商住楼,金辉小区
温江区柳城镇天府街4栋,永平小区
金牛区金鱼街64号,兴元花园东区
青羊区东坡北二路169号,左右综合楼
金牛区营康西路184号,营康西路184号
青羊区同盛路50号,锦红苑
武侯区天乐街1号,置信逸都花园天乐苑
武侯区晋吉西一街66号,龙湖金楠天街商业
崇州市崇阳镇永安西路504号,西郊苑
天府新区华阳街道正东上街55号,紫晶苑
天府新区华阳正北上街79号,天府新区人民医院家属区
金堂县三星学府大道555号,希望未来城
武侯区玉洁东街2号,化八院
青白江区凤凰西六路28号,瀚城国际
崇州市崇阳镇早兴街55号,阳光锦园
崇州市崇阳镇文井街101号,汇蜀花园
都江堰市大观镇跃进村高山流水,高山流水
武侯区晋吉北路282号,长盛续锦
简阳市石桥镇雄州大道南段486号万安三峰,万安三峰
金牛区洞子口路333号,蓝光花满庭一期
天府新区华阳街道协和下街80号地源·吾舍,地源·吾舍
崇州市崇阳镇文井街9号,西江澜郡
金堂县三中园区万方街326号,万方苑
青白江区大弯同华大道199号,凯斯顿华府
新津县五津镇迎宾大道60号, 津都雅居
都江堰市蒲阳镇彩虹大道北段329号堰山和畔二期,堰山和畔二期
郫都区红光镇花园1号,公园1号
天府新区华府大道一段898号,慕和南道
金牛区蜀西南一路198号, 金泉阳光景新苑
成华区万兴街6号,万兴街6号院
双流区东升街道广都大道6号国栋·南园五星城,国栋·南园五星城
双流区西航港街道机场路近都段12号,骑士郡
新津县邓双镇柏拉图大道666号,亚特兰蒂斯安菲娅岛
成华区经华北路1号,经华北路1号
武侯区新光路1号,观南上域
成华区双桥子,华润二十四城
天府新区华阳祥鹤一街48号,鑫苑·鑫都汇南区
金牛区西体北路2号,书香门第
金堂县赵镇十里大道一段318号,肉联厂大院
金牛区营通街181号,营通街181号
金牛区银沙正街2号,银沙正街2号
金牛区花圃路2号,城北商务广场
金堂县赵镇十里大道二段129号,金竹花园
彭州市天彭镇外南街146号,凤凰城清溪园
彭州市天彭镇西大街富民巷,金龙苑
龙泉驿区同安镇阳光大道138号,千和公寓
郫都区犀浦镇校园路东段111号,合能珍宝琥珀
天府新区华阳镇华新街金城花园,金城花园河滨别墅
武侯区武侯大道双楠段60号,金色花园A区
高新西区碧林街577号,中海熙岸
高新区天仁路387号,大鼎世纪广场
金牛区白果林小区青西路7号,白果林小区
金堂县赵镇南滨路38号,南滨苑
武侯区丽都路1号附333号,中粮·香榭丽都
郫都区郫筒镇檬柏西路469号,天宇天府花城
武侯区科院街3号,科院街3号
高新区天府大道中段1388号,花样年·美岸
新津县花源镇白云路419号,龙湖长桥郡
金堂县三中园区万方街泰康欣苑,泰康欣苑
双流区东升街道长顺路一段3号,写意假日
高新区观东三街600号,中铁城锦南汇
青白江区华金大道三段61号,学府雅园
青羊区培中路12号,中坝小区
成华区致祥路85号,昭青小区
金牛区二环路北二段199号,府河路苑
温江区柳南三路169号,银滩
温江区永宁镇八一路南段151号,信林学府底商
金堂县赵镇观岭大道1188号,蓝光观岭国际
双流区西航港锦华路三段102号,温哥华花园六期
青羊区清江南街1号,清江南街1号院
龙泉驿区同安街道忠诚路29号国一澳乡二期,国一澳乡二期
新都区大丰街道润丰路330号,蓝光·花满庭二期
郫都区郫筒镇科化南路33号,瑞景茗城2期
新都区新都镇学院路西段371号,天府小区
高新区锦城大道1000号,天府世家
锦江区净居寺西街111号,青房上云一期
郫都区安德镇永乐路46号,天府上河居
郫都区安德镇永乐路46号天府·上河居,天府上河居
成华区桃林街2号,金华苑
崇州市崇阳镇上南街320号,黄金港
高新区锦尚西二路89号,南苑A区
高新区沙子堰东巷3号,玉沙苑
崇州市崇阳镇桑林街124号,工商局家属院
新都区石板滩镇东环西街149号,景润华庭
锦江区竹林巷21号,大发百度城
武侯区倪家桥8号,慧智苑
青白江区凤凰西七路28号,英祥北城印象
成华区成华大道杉板桥路208号,榜样
金牛区星汉路1号,新天地民苑
青羊区金祥路15号,中大君悦金沙三期
武侯区郭家桥正街16号,府河竹苑
郫都区郫筒南兴巷117号,南兴巷教师公寓
成华区踏水桥北街99号,蓝光cococ时代
青羊区石人南路8号,石人南路8号院
青白江区红华街299号,泰和欧城 
成华区建设南路160号,中房·红枫岭三期
金堂县赵镇观岭大道1号附7号,观岭花湖
双流区东升街道白衣上街二段118号,富豪新岸
武侯区金雁路198号,晋源·彩庭
金牛区外西金牛坝金牛宾馆宿舍,金牛宾馆宿舍
武侯区果堰街8号,兴元嘉园
成华区青龙场云龙路100号,青龙小区
崇州市崇阳镇金盆地大道298号,峻领天下兰岛
成华区御风二路9号,信和御龙山号
新都区新都镇外南街485号,施恩小区
金牛区同兴街7号,同兴小区
青白江区清泉大道一段716号,万贯五金机电城
新都区新都镇兴乐北路188号,缤纷时代广场
武侯区龙井南街33号,龙井南路一段西园
成华区东风路北一巷1号,东风路北一巷1号
金牛区星辉西路16号,福林公寓
金牛区九里堤南路8号,祥和苑
金堂县三星镇学府大道655号,希望未来城
郫都区红光镇正兴路146号,西区御景
武侯区小天西路1号,小天公寓
郫都区安靖镇方安路98号,尚公馆北苑
双流区彭镇双楠大道下段2150号,威兰德小镇
高新区益州大道1999号,银泰城悦坊
高新区中和大道二段69号,红树湾
武侯区武青西四路110号,武新花园
温江区光华大道3段118号,仁和春天大道
龙泉驿区龙泉镇龙都南路125号,中行宿舍
温江区柳城凤溪大道北段566号,雕刻时光
崇州市崇阳街道双桥街39号,春晓华庭
新都区三河街道龙山路108号,万科五龙山公园
温江区柳城南熏大道三段366号,鸿源星睿城
崇州市崇阳镇西苑路36号,愿景水涟漪华府瑞府
郫都区犀浦镇珠江路桂花苑,桂花苑
郫都区红光镇合兴路26号,红攀小区
温江区温泉大道三段399号,花样年花样城
简阳市简城镇凤山路186号,丰荷苑
天府新区华阳天府大道南段2599号,蔚蓝卡地亚
金牛区羊市街西沿线蜀汉路4号,瑞西小区
成华区长融东三路28号,东方惠城B区
新都区新都镇五龙路371号,天府小区
锦江区较场坝东街,较场坝东苑
温江区政和街666号,新光华府
成华区一里塘西巷55号,蓝润蓝客城
青羊区蜀鑫东路51号,保利金香槟
青白江区凤祥大道78号金色港湾,金色港湾
武侯区少陵东街1号,金地花园
龙泉驿区龙泉街道办事处星光东路2号,九鼎小区
青白江区华逸中路1365号,红阳西苑
温江区柳城南熏大道四段601号红泰·翰城,红泰·翰城
新都区大丰街道先驱大道7号,盛世名城
青白江区大同镇大同路111号,钱江凤凰城
青羊区贝森路贝新巷16号,百家苑
新都区泰兴镇兴业大道二段58号,外城泰兴里
武侯区玉林八巷1号,平安苑
双流区东升街道迎春路三段158号富豪时代,富豪时代
郫都区犀浦镇珠江西街23号,攀交花园
龙泉驿区龙泉镇龙都北路239号,怡合花苑
简阳市石桥镇东滨路南段46号,京龙江水湾
高新区中和街道公济桥路117号新港国际花园,新港国际花园
双流区西航港街道锦华路一段59号康桥·品上,康桥·品上
成华区二仙桥东路46号,和泓东28
温江区柳城镇长安路198号,烽火机械厂
郫都区郫筒镇文信路200号中信·未来城,中信·未来城北区
青羊区清江东路41号锦都园,锦都苑
郫都区红光镇港通北一路567号,西郡英华一期
双流区东升街道清泰路一段30号,海棠金宇
龙泉驿区同安街道幸福路12号五角会展大楼1期,五角会展大楼1期
崇州市街子镇唐公社区街安路12、13、14号,蜀山栖镇
双流区东升镇西北街149号,县医院宿舍
成华区玉双路7号,澳深花园
龙泉驿区同安街道办事处锦绣路178号,东方虹花苑
高新区高升路东路19号,高升路东路19号院
郫都区郫筒镇215号,鹃城园三期
锦江区柳河路139号,天悦龙庭
天府新区正兴镇大安路1458号,和泓半山
郫都区红光镇银润北一路36号,龙城国际五期
新都区新都镇五龙路279号,原野庄园
成华区怡福路266号,郦景东城
温江区柳城镇长安路122号,泸苑
新都区斑竹园镇锦绣路126号,北欧知识城中欧住宅一期
龙泉驿区大面街道办事处金梨路33号,百悦城
郫都区犀浦镇校园路229号,欣茂·西郡兰庭
崇州市崇阳镇崇庆北路247号,体育中心.家属院
青羊区清溪南街9号,清溪银杏苑
都江堰市蒲阳镇尚阳大道“上游小区”48号,上游小区北区
彭山县牧马镇莲花村恒大金碧天下408栋,恒大金碧天下
龙泉驿区同安街道幸福路39号阳光印象,阳光印象
温江区金马镇温泉大道三段399号,花样年·花样城
成华区新风路189号,世家·东部时空
金堂县淮口镇解放路176号,龙井源
青羊区金祥路55号,凯丽美域
金堂县淮口镇文化街467号,淮口教师公寓B区
新都区新都镇电子路205号,庆光小区
锦江区榕声路47号,锦馨家园
新都区斑竹园镇锦绣路126号,北欧知识城中欧住宅
崇州市崇阳镇滨江路北一段190号,观澜云座
高新区博雅街88号,南城都汇2A期汇雅园
温江区江浦路288号,洲际亚洲湾
龙泉驿区龙泉街道北泉路258号金上城,金上城
成华区泰安街26号,撷英卉苑
新都区新都镇龙家湾巷226号,思学园小区
武侯区龙腾西路3号,丽景华庭二期
新都区新都镇蜀龙大道中段801号,芙蓉名城B区
双流区东升街道三强南路二段166号,三强南路二段166号
锦江区水杉街558号,海桐三期
成华区建设北路三段5号,万基蓝麟
温江区公平街办南熏大道一段88号,漫城
高新区中和二街66号,军安卫士花园
高新区天府大道南段1299号,城南名著
锦江区牡丹街692号,四海逸家蓝钻
锦江区东恒国际,东恒国际
锦江区锦华路二段36号,康郡
青羊区长顺中街89号,长顺中街89号
双流区东升街道石佛路一段19号祥和公寓,祥和公寓
龙泉驿区永溪街129号,酱园小区
温江区柳城人和路188号,光华国际
青羊区通惠门路25号,通惠门路25号
龙泉驿区龙泉街道龙都南路3号海川国际,海川国际社区
天府新区华阳街道南湖西路18号观湖国际社区, 南湖国际-一期
成华区双林路2号,双林路2号
双流区东升街道藏卫路北一段155号锦镇,锦镇
锦江区马家沟188号,望江锦园
新都区泰兴镇大观街36号,银泰河畔
崇州市崇阳镇滨江路南一段131号,水岸春天
崇州市崇阳镇金带街20号,金带街20号
龙泉驿区北泉路1018号皇冠国际社区二期,皇冠国际社区二期
龙泉驿区同安街道忠诚路182号国际足球村,国际足球村
温江区柳城人和路758号,中森光华1号
温江区柳城人和路758号,光华一号
郫都区红光镇学府南路9号,天邑宏御花园
金堂县赵镇滨江路一段416号,绿岛花园
双流区白家镇锦华路三段13号,水电五局成都基地常乐小区
锦江区净居寺路22号,绿野天城
